order_id,created_at,client_id,manager,status_group,revenue,cost,source,city
ORD-00001,2026-05-29 20:27:40,CLIENT-0254,Алексей Кузнецов,complete,11271,6221.9,Website,Новосибирск
ORD-00002,2026-05-11 13:46:04,CLIENT-0391,Дмитрий Соколов,complete,54093,33705.72,Website,Новосибирск
ORD-00003,2026-04-26 08:51:22,CLIENT-0016,Дмитрий Соколов,complete,16399,13292.55,Google,Екатеринбург
ORD-00004,2026-07-01 03:18:21,CLIENT-0271,Алексей Кузнецов,complete,58327,43181.87,Google,Новосибирск
ORD-00005,2026-02-12 08:41:56,CLIENT-0149,Алексей Кузнецов,in_progress,31676,23895.71,Referral,Екатеринбург
ORD-00006,2026-01-20 13:32:39,CLIENT-0171,Дмитрий Соколов,in_progress,41848,20855.2,Referral,Екатеринбург
ORD-00007,2026-03-16 22:41:59,CLIENT-0301,Алексей Кузнецов,complete,27883,15930.88,,Екатеринбург
ORD-00008,2026-03-24 19:44:25,CLIENT-0207,Анна Смирнова,complete,65944,36077.7,Telegram,Казань
ORD-00009,2026-02-13 03:32:33,CLIENT-0084,Алексей Кузнецов,new,69640,34344.53,Instagram,Казань
ORD-00010,2026-02-28 16:06:30,CLIENT-0315,Алексей Кузнецов,complete,43439,31769.24,Instagram,Санкт-Петербург
ORD-00011,2026-05-20 22:53:57,CLIENT-0277,Елена Волкова,in_progress,4612,3496.86,Referral,Санкт-Петербург
ORD-00012,2026-03-21 22:28:45,CLIENT-0138,Елена Волкова,in_progress,78732,46554.99,Website,Москва
ORD-00013,2026-03-26 22:31:32,CLIENT-0106,Иван Петров,complete,70984,54015.9,Telegram,Новосибирск
ORD-00014,2026-03-31 20:25:56,CLIENT-0183,Иван Петров,complete,69154,42554.61,Telegram,Екатеринбург
ORD-00015,2026-02-14 18:29:04,CLIENT-0015,Дмитрий Соколов,complete,46402,29384.47,Referral,Санкт-Петербург
ORD-00016,2026-02-12 19:54:20,CLIENT-0131,Дмитрий Соколов,in_progress,15006,11545.25,Google,Москва
ORD-00017,2026-06-12 16:34:39,CLIENT-0057,Анна Смирнова,complete,39857,21914.32,Website,Казань
ORD-00018,2026-04-20 14:39:15,CLIENT-0087,Дмитрий Соколов,in_progress,36451,24092.37,Website,Казань
ORD-00019,2026-03-09 05:27:41,CLIENT-0198,Анна Смирнова,complete,17967,8255.01,Telegram,Казань
ORD-00020,2026-06-06 07:57:25,CLIENT-0311,Иван Петров,complete,69861,58731.82,Telegram,Санкт-Петербург
ORD-00021,2026-06-29 02:43:10,CLIENT-0260,Елена Волкова,new,24001,15079.05,Website,Санкт-Петербург
ORD-00022,2026-01-22 22:22:35,CLIENT-0203,Мария Орлова,complete,71668,50841.46,Website,Новосибирск
ORD-00023,2026-06-18 06:18:48,CLIENT-0157,Иван Петров,new,30804,24649.78,Google,Казань
ORD-00024,2026-04-18 11:25:30,CLIENT-0288,Иван Петров,complete,36077,18116.3,Referral,Екатеринбург
ORD-00025,2026-05-08 20:25:19,CLIENT-0103,Анна Смирнова,complete,69699,32407.9,Telegram,Екатеринбург
ORD-00026,2026-01-12 01:25:19,CLIENT-0341,Елена Волкова,complete,67533,33210.68,Telegram,Новосибирск
ORD-00027,2026-06-29 05:20:23,CLIENT-0010,Мария Орлова,complete,55733,45136.56,Google,Екатеринбург
ORD-00028,2026-05-30 04:50:21,CLIENT-0195,Мария Орлова,complete,37935,27304.93,Referral,Екатеринбург
ORD-00029,2026-02-28 21:47:48,CLIENT-0087,Елена Волкова,in_progress,8295,4013.72,Google,Санкт-Петербург
ORD-00030,2026-04-26 05:05:20,CLIENT-0175,Анна Смирнова,complete,36461,21776.08,Google,Екатеринбург
ORD-00031,2026-02-28 12:15:26,CLIENT-0209,Анна Смирнова,complete,16667,9638.37,Google,Санкт-Петербург
ORD-00032,2026-04-07 13:00:34,CLIENT-0282,Иван Петров,complete,52550,25258.72,Google,Казань
ORD-00033,2026-04-01 06:25:28,CLIENT-0142,Иван Петров,complete,17983,11385.18,Google,Казань
ORD-00034,2026-06-29 18:50:31,CLIENT-0021,Елена Волкова,complete,15017,9241.67,Google,Новосибирск
ORD-00035,2026-05-23 12:58:40,CLIENT-0053,Алексей Кузнецов,complete,34643,17791.88,Telegram,Екатеринбург
ORD-00036,2026-04-18 21:09:09,CLIENT-0107,Иван Петров,in_progress,65522,37726.51,Website,Москва
ORD-00037,2026-07-01 06:25:28,CLIENT-0161,Иван Петров,complete,44975,28331.45,Telegram,Казань
ORD-00038,2026-01-31 00:35:16,CLIENT-0399,Елена Волкова,new,31205,23842.31,,Новосибирск
ORD-00039,2026-01-15 04:13:48,CLIENT-0102,Иван Петров,in_progress,73988,39445.57,Google,Казань
ORD-00040,2026-06-11 00:52:39,CLIENT-0117,Мария Орлова,new,78282,55375.62,Telegram,Москва
ORD-00041,2026-04-11 10:23:01,CLIENT-0156,Иван Петров,in_progress,78891,63696.6,Google,Екатеринбург
ORD-00042,2026-01-27 20:06:18,CLIENT-0011,Алексей Кузнецов,complete,15064,8255.66,Referral,Москва
ORD-00043,2026-04-25 21:06:59,CLIENT-0006,Мария Орлова,complete,12847,5891.71,Telegram,Новосибирск
ORD-00044,2026-03-05 11:34:18,CLIENT-0341,Анна Смирнова,new,46003,22120.21,Google,Санкт-Петербург
ORD-00045,2026-04-13 06:03:28,CLIENT-0309,Анна Смирнова,new,70417,55198.17,Telegram,Санкт-Петербург
ORD-00046,2026-02-14 16:01:44,CLIENT-0383,Анна Смирнова,complete,75476,59345.83,,Санкт-Петербург
ORD-00047,2026-04-18 01:26:00,CLIENT-0342,Иван Петров,complete,9364,6891.25,Google,Новосибирск
ORD-00048,2026-03-14 21:11:13,CLIENT-0233,Мария Орлова,in_progress,60592,47899.01,Google,Санкт-Петербург
ORD-00049,2026-04-27 23:29:54,CLIENT-0010,Мария Орлова,new,57615,48426.84,Google,Екатеринбург
ORD-00050,2026-05-28 19:34:29,CLIENT-0142,Алексей Кузнецов,new,36962,31169.57,Telegram,Санкт-Петербург
ORD-00051,2026-01-28 13:56:09,CLIENT-0163,Дмитрий Соколов,in_progress,3980,2073.7,Instagram,Новосибирск
ORD-00052,2026-01-08 17:54:57,CLIENT-0352,Анна Смирнова,complete,34244,19696.94,Instagram,Новосибирск
ORD-00053,2026-04-07 20:46:53,CLIENT-0113,Иван Петров,complete,39074,32780.8,Google,Екатеринбург
ORD-00054,2026-01-19 03:45:42,CLIENT-0355,Елена Волкова,in_progress,29718,17079.55,Telegram,Казань
ORD-00055,2026-05-22 00:15:47,CLIENT-0264,Анна Смирнова,complete,19153,15487.92,Instagram,Санкт-Петербург
ORD-00056,2026-04-30 01:38:51,CLIENT-0027,Алексей Кузнецов,in_progress,77647,57290.99,Instagram,Казань
ORD-00057,2026-03-26 22:25:57,CLIENT-0021,Иван Петров,complete,74332,55151.26,Instagram,Казань
ORD-00058,2026-01-24 13:30:22,CLIENT-0072,Елена Волкова,in_progress,13973,11650.35,,Москва
ORD-00059,2026-03-12 08:24:39,CLIENT-0222,Мария Орлова,cancel,53115,43872.93,Telegram,Новосибирск
ORD-00060,2026-05-31 18:31:27,CLIENT-0308,Иван Петров,cancel,30789,15322.91,Instagram,Казань
ORD-00061,2026-04-23 08:08:52,CLIENT-0098,Елена Волкова,complete,76318,34465.48,Instagram,Москва
ORD-00062,2026-06-25 18:20:15,CLIENT-0106,Анна Смирнова,cancel,34750,27248.62,Google,Екатеринбург
ORD-00063,2026-05-13 07:14:14,CLIENT-0229,Анна Смирнова,in_progress,35883,28094.31,Website,Екатеринбург
ORD-00064,2026-04-02 23:18:55,CLIENT-0293,Анна Смирнова,complete,18964,14367.64,Referral,Казань
ORD-00065,2026-06-06 16:18:21,CLIENT-0346,Дмитрий Соколов,new,4732,3161.52,Website,Санкт-Петербург
ORD-00066,2026-06-13 22:58:02,CLIENT-0347,Елена Волкова,complete,43796,27366.7,Telegram,Казань
ORD-00067,2026-07-03 12:40:27,CLIENT-0277,Дмитрий Соколов,complete,61923,36539.84,Telegram,Екатеринбург
ORD-00068,2026-02-27 13:04:03,CLIENT-0286,Мария Орлова,complete,52487,31647.26,Google,Екатеринбург
ORD-00069,2026-02-23 09:56:39,CLIENT-0265,Дмитрий Соколов,cancel,63500,43836.14,Telegram,Казань
ORD-00070,2026-01-05 10:59:03,CLIENT-0270,Алексей Кузнецов,complete,72593,38397.66,Google,Екатеринбург
ORD-00071,2026-03-16 02:25:49,CLIENT-0359,Дмитрий Соколов,in_progress,79602,66849.32,Referral,Москва
ORD-00072,2026-02-27 08:10:09,CLIENT-0209,Анна Смирнова,complete,41127,28865.81,Website,Новосибирск
ORD-00073,2026-04-25 10:41:56,CLIENT-0136,Алексей Кузнецов,complete,4327,2551.98,Website,Екатеринбург
ORD-00074,2026-04-17 11:38:54,CLIENT-0240,Мария Орлова,complete,36993,23816.73,Instagram,Екатеринбург
ORD-00075,2026-06-07 19:40:51,CLIENT-0227,Елена Волкова,complete,49553,23626.85,Google,Санкт-Петербург
ORD-00076,2026-01-08 13:47:50,CLIENT-0107,Анна Смирнова,complete,39149,27091.01,Instagram,Казань
ORD-00077,2026-04-26 14:41:21,CLIENT-0240,Дмитрий Соколов,new,71576,51070.48,Instagram,Москва
ORD-00078,2026-05-21 06:22:34,CLIENT-0313,Алексей Кузнецов,complete,75907,42348.84,Website,Екатеринбург
ORD-00079,2026-03-23 10:54:35,CLIENT-0169,Мария Орлова,complete,37016,29490.17,Website,Екатеринбург
ORD-00080,2026-05-02 16:04:24,CLIENT-0222,Анна Смирнова,complete,55769,32157.06,Referral,Казань
ORD-00081,2026-05-16 14:32:39,CLIENT-0297,Дмитрий Соколов,complete,24709,19728.19,Telegram,Санкт-Петербург
ORD-00082,2026-01-29 07:38:48,CLIENT-0071,Алексей Кузнецов,complete,24303,12283.9,Referral,Казань
ORD-00083,2026-04-15 02:35:39,CLIENT-0157,Анна Смирнова,in_progress,30025,22140.16,Google,Новосибирск
ORD-00084,2026-04-11 23:15:32,CLIENT-0306,Анна Смирнова,cancel,27479,12859.96,Google,Москва
ORD-00085,2026-02-26 21:56:30,CLIENT-0141,Дмитрий Соколов,complete,60971,35788.59,Google,Санкт-Петербург
ORD-00086,2026-06-09 09:06:00,CLIENT-0385,Анна Смирнова,complete,67883,42761.24,Google,Санкт-Петербург
ORD-00087,2026-04-22 00:20:36,CLIENT-0367,Алексей Кузнецов,complete,54064,28911.42,Telegram,Екатеринбург
ORD-00088,2026-06-05 09:23:57,CLIENT-0003,Мария Орлова,cancel,9057,4131.48,Referral,Новосибирск
ORD-00089,2026-02-05 06:43:41,CLIENT-0389,Иван Петров,cancel,55419,28486.87,Website,Москва
ORD-00090,2026-03-26 11:53:58,CLIENT-0195,Иван Петров,complete,74116,35045.59,Telegram,Новосибирск
ORD-00091,2026-01-18 06:08:19,CLIENT-0269,Иван Петров,cancel,7649,5085.0,Referral,Казань
ORD-00092,2026-06-03 01:26:17,CLIENT-0067,Дмитрий Соколов,new,6620,4302.11,Website,Санкт-Петербург
ORD-00093,2026-01-15 00:53:30,CLIENT-0329,Анна Смирнова,complete,38123,31940.9,Website,Москва
ORD-00094,2026-02-02 19:41:09,CLIENT-0287,Иван Петров,in_progress,59160,40947.07,Website,Казань
ORD-00095,2026-02-13 02:09:40,CLIENT-0340,Мария Орлова,complete,73307,45424.53,Google,Екатеринбург
ORD-00096,2026-06-15 08:01:31,CLIENT-0105,Иван Петров,in_progress,15657,7991.39,Referral,Москва
ORD-00097,2026-01-21 13:51:50,CLIENT-0190,Мария Орлова,cancel,70218,44775.68,Google,Москва
ORD-00098,2026-05-31 21:50:06,CLIENT-0391,Алексей Кузнецов,new,19803,16004.1,Website,Москва
ORD-00099,2026-02-19 07:21:18,CLIENT-0018,Иван Петров,new,45652,22109.91,Referral,Казань
ORD-00100,2026-04-14 12:27:06,CLIENT-0348,Алексей Кузнецов,in_progress,52831,40826.09,Telegram,Санкт-Петербург
ORD-00101,2026-02-24 20:53:56,CLIENT-0201,Елена Волкова,in_progress,47389,30979.52,,Новосибирск
ORD-00102,2026-06-07 12:27:43,CLIENT-0287,Елена Волкова,complete,61800,40757.01,Website,Екатеринбург
ORD-00103,2026-02-16 16:04:59,CLIENT-0103,Елена Волкова,complete,41184,30775.63,Telegram,Казань
ORD-00104,2026-06-09 02:16:32,CLIENT-0154,Дмитрий Соколов,in_progress,78354,37292.21,Referral,Екатеринбург
ORD-00105,2026-04-14 01:58:52,CLIENT-0384,Елена Волкова,in_progress,49218,27516.2,Website,Москва
ORD-00106,2026-02-19 12:44:54,CLIENT-0294,Мария Орлова,new,45673,34888.81,Google,Новосибирск
ORD-00107,2026-03-09 03:55:35,CLIENT-0041,Иван Петров,cancel,52876,41045.09,Referral,Санкт-Петербург
ORD-00108,2026-06-20 22:07:03,CLIENT-0360,Мария Орлова,complete,36019,27503.37,Instagram,Казань
ORD-00109,2026-01-20 03:42:32,CLIENT-0175,Анна Смирнова,complete,63892,44041.05,Instagram,Москва
ORD-00110,2026-05-27 08:04:42,CLIENT-0058,Алексей Кузнецов,complete,76764,38640.16,Google,Екатеринбург
ORD-00111,2026-06-21 13:34:21,CLIENT-0105,Дмитрий Соколов,cancel,37829,27836.97,Telegram,Екатеринбург
ORD-00112,2026-02-18 17:50:45,CLIENT-0112,Анна Смирнова,new,12543,9629.07,Website,Екатеринбург
ORD-00113,2026-03-15 16:23:23,CLIENT-0146,Анна Смирнова,complete,66789,49030.56,Google,Екатеринбург
ORD-00114,2026-02-27 08:37:16,CLIENT-0097,Дмитрий Соколов,complete,51124,34140.12,Website,Москва
ORD-00115,2026-04-29 02:21:20,CLIENT-0264,Иван Петров,in_progress,72728,55137.5,Referral,Новосибирск
ORD-00116,2026-01-26 22:36:51,CLIENT-0181,Алексей Кузнецов,complete,79624,49385.9,Referral,Москва
ORD-00117,2026-05-16 06:17:10,CLIENT-0155,Дмитрий Соколов,complete,3721,2479.34,Instagram,Казань
ORD-00118,2026-02-13 17:41:59,CLIENT-0211,Елена Волкова,complete,75270,42377.22,Instagram,Новосибирск
ORD-00119,2026-01-29 18:14:56,CLIENT-0260,Анна Смирнова,complete,62312,35565.46,Telegram,Екатеринбург
ORD-00120,2026-05-23 07:58:59,CLIENT-0290,Алексей Кузнецов,complete,58597,43622.78,Google,Новосибирск
ORD-00121,2026-04-21 17:11:31,CLIENT-0047,Алексей Кузнецов,complete,5402,4372.91,Referral,Казань
ORD-00122,2026-03-07 07:17:00,CLIENT-0247,Алексей Кузнецов,complete,51841,36513.41,Website,Новосибирск
ORD-00123,2026-06-03 23:34:24,CLIENT-0089,Мария Орлова,complete,57420,29244.24,Referral,Санкт-Петербург
ORD-00124,2026-02-03 06:43:50,CLIENT-0264,Алексей Кузнецов,cancel,57121,31597.52,Telegram,Казань
ORD-00125,2026-03-15 04:57:19,CLIENT-0252,Алексей Кузнецов,complete,66674,35749.65,Referral,Новосибирск
ORD-00126,2026-06-10 14:50:20,CLIENT-0014,Анна Смирнова,new,22608,12246.56,Google,Новосибирск
ORD-00127,2026-06-08 02:39:12,CLIENT-0046,Иван Петров,complete,27567,21605.5,Telegram,Екатеринбург
ORD-00128,2026-05-08 21:43:30,CLIENT-0053,Дмитрий Соколов,complete,9164,7591.84,Website,Новосибирск
ORD-00129,2026-01-13 12:51:55,CLIENT-0361,Анна Смирнова,cancel,39536,20622.64,Referral,Москва
ORD-00130,2026-03-26 12:40:41,CLIENT-0255,Иван Петров,complete,41567,30043.95,Referral,Екатеринбург
ORD-00131,2026-03-03 13:19:55,CLIENT-0132,Елена Волкова,new,29371,15180.38,Telegram,Казань
ORD-00132,2026-02-26 18:06:51,CLIENT-0389,Алексей Кузнецов,complete,74407,60657.78,Website,Москва
ORD-00133,2026-06-30 17:15:15,CLIENT-0321,Иван Петров,in_progress,38066,17989.06,Telegram,Санкт-Петербург
ORD-00134,2026-02-23 07:11:19,CLIENT-0067,Алексей Кузнецов,in_progress,35289,21690.64,Telegram,Екатеринбург
ORD-00135,2026-01-22 19:23:41,CLIENT-0312,Алексей Кузнецов,cancel,10658,7067.45,Instagram,Казань
ORD-00136,2026-04-22 23:42:13,CLIENT-0256,Алексей Кузнецов,complete,38003,24570.1,Telegram,Санкт-Петербург
ORD-00137,2026-04-08 10:46:17,CLIENT-0298,Елена Волкова,complete,26750,19947.01,Website,Санкт-Петербург
ORD-00138,2026-06-18 22:50:13,CLIENT-0110,Алексей Кузнецов,in_progress,20703,14658.26,Telegram,Новосибирск
ORD-00139,2026-04-10 12:52:27,CLIENT-0116,Елена Волкова,new,21365,15582.34,Google,Москва
ORD-00140,2026-02-09 10:55:11,CLIENT-0258,Мария Орлова,complete,32654,22051.38,Instagram,Новосибирск
ORD-00141,2026-04-11 17:01:51,CLIENT-0113,Анна Смирнова,complete,43016,33504.44,Google,Казань
ORD-00142,2026-01-09 18:24:21,CLIENT-0369,Иван Петров,cancel,47705,26601.73,Instagram,Москва
ORD-00143,2026-04-10 04:33:01,CLIENT-0074,Иван Петров,new,35875,29038.8,Website,Казань
ORD-00144,2026-06-14 13:50:31,CLIENT-0128,Иван Петров,complete,16527,9420.3,Telegram,Казань
ORD-00145,2026-06-26 14:20:01,CLIENT-0369,Анна Смирнова,new,55340,33138.86,Website,Москва
ORD-00146,2026-01-11 05:12:47,CLIENT-0058,Дмитрий Соколов,in_progress,70533,56798.59,Telegram,Санкт-Петербург
ORD-00147,2026-01-29 07:18:56,CLIENT-0271,Алексей Кузнецов,complete,78581,54869.57,Instagram,Екатеринбург
ORD-00148,2026-03-25 06:13:21,CLIENT-0028,Иван Петров,complete,42671,28574.6,Website,Санкт-Петербург
ORD-00149,2026-05-03 09:21:23,CLIENT-0129,Елена Волкова,complete,38978,26052.22,Instagram,Казань
ORD-00150,2026-03-04 12:35:42,CLIENT-0036,Елена Волкова,complete,16599,12415.49,Website,Казань
ORD-00151,2026-02-13 20:57:38,CLIENT-0016,Алексей Кузнецов,complete,69500,50306.58,Website,Санкт-Петербург
ORD-00152,2026-05-25 14:28:42,CLIENT-0111,Мария Орлова,cancel,21602,15567.42,Instagram,Казань
ORD-00153,2026-04-20 11:22:05,CLIENT-0208,Елена Волкова,in_progress,53034,41538.99,Google,Санкт-Петербург
ORD-00154,2026-04-25 06:26:02,CLIENT-0005,Дмитрий Соколов,complete,4072,2707.52,Referral,Санкт-Петербург
ORD-00155,2026-03-27 20:43:35,CLIENT-0399,Дмитрий Соколов,cancel,16257,10303.87,Telegram,Новосибирск
ORD-00156,2026-04-24 03:42:31,CLIENT-0242,Дмитрий Соколов,complete,63553,29953.15,Website,Москва
ORD-00157,2026-06-23 13:08:21,CLIENT-0183,Елена Волкова,complete,72526,47376.26,Instagram,Казань
ORD-00158,2026-03-04 08:15:31,CLIENT-0184,Иван Петров,cancel,34432,16947.99,Referral,Москва
ORD-00159,2026-04-14 01:48:22,CLIENT-0321,Иван Петров,complete,48384,26678.76,,Екатеринбург
ORD-00160,2026-03-14 02:04:40,CLIENT-0175,Дмитрий Соколов,complete,41526,31209.4,Telegram,Санкт-Петербург
ORD-00161,2026-01-21 18:59:19,CLIENT-0059,Анна Смирнова,complete,10344,6067.78,Referral,Екатеринбург
ORD-00162,2026-01-19 18:23:48,CLIENT-0063,Иван Петров,complete,47693,35912.35,,Новосибирск
ORD-00163,2026-05-11 03:13:55,CLIENT-0117,Мария Орлова,complete,25899,15769.85,Google,Казань
ORD-00164,2026-01-16 08:15:31,CLIENT-0190,Дмитрий Соколов,complete,63464,47419.95,Instagram,Санкт-Петербург
ORD-00165,2026-03-15 01:08:36,CLIENT-0137,Анна Смирнова,complete,18782,12744.93,Referral,Москва
ORD-00166,2026-03-29 02:05:22,CLIENT-0094,Алексей Кузнецов,new,6437,4576.45,Instagram,Екатеринбург
ORD-00167,2026-04-21 11:31:23,CLIENT-0131,Алексей Кузнецов,in_progress,71760,56002.22,Google,Санкт-Петербург
ORD-00168,2026-02-16 02:57:25,CLIENT-0217,Дмитрий Соколов,cancel,74319,57340.47,Referral,Санкт-Петербург
ORD-00169,2026-04-07 08:28:41,CLIENT-0083,Елена Волкова,new,73301,60412.61,Google,Москва
ORD-00170,2026-02-22 09:17:22,CLIENT-0372,Елена Волкова,complete,8302,6843.45,Google,Екатеринбург
ORD-00171,2026-01-16 21:38:33,CLIENT-0061,Иван Петров,new,55188,42041.71,Instagram,Новосибирск
ORD-00172,2026-06-10 20:47:51,CLIENT-0266,Иван Петров,new,65773,30781.23,Google,Москва
ORD-00173,2026-04-15 00:12:11,CLIENT-0069,Дмитрий Соколов,in_progress,57468,29692.52,,Казань
ORD-00174,2026-02-16 18:00:39,CLIENT-0284,Алексей Кузнецов,complete,68744,53016.6,Google,Новосибирск
ORD-00175,2026-05-12 23:08:54,CLIENT-0133,Анна Смирнова,complete,50184,41214.8,Instagram,Екатеринбург
ORD-00176,2026-06-12 04:03:32,CLIENT-0130,Мария Орлова,in_progress,21705,12011.27,Telegram,Екатеринбург
ORD-00177,2026-03-06 16:41:41,CLIENT-0116,Елена Волкова,new,20073,16731.35,Google,Екатеринбург
ORD-00178,2026-01-26 09:57:40,CLIENT-0284,Дмитрий Соколов,complete,34434,23451.1,Instagram,Санкт-Петербург
ORD-00179,2026-06-11 18:24:53,CLIENT-0030,Алексей Кузнецов,cancel,23064,17631.87,Google,Новосибирск
ORD-00180,2026-03-19 12:10:50,CLIENT-0280,Анна Смирнова,complete,19931,14331.89,Google,Новосибирск
ORD-00181,2026-05-29 06:47:03,CLIENT-0092,Дмитрий Соколов,in_progress,55058,32635.33,Google,Санкт-Петербург
ORD-00182,2026-04-04 23:16:03,CLIENT-0154,Алексей Кузнецов,complete,14610,9579.98,Google,Москва
ORD-00183,2026-04-19 18:32:10,CLIENT-0131,Иван Петров,complete,51841,38979.22,Website,Казань
ORD-00184,2026-05-24 12:21:57,CLIENT-0223,Анна Смирнова,cancel,16538,8186.43,Website,Санкт-Петербург
ORD-00185,2026-02-23 22:41:58,CLIENT-0197,Елена Волкова,complete,30810,23961.33,Website,Санкт-Петербург
ORD-00186,2026-02-05 07:54:55,CLIENT-0391,Дмитрий Соколов,complete,18845,14575.62,Instagram,Новосибирск
ORD-00187,2026-02-13 18:50:43,CLIENT-0344,Елена Волкова,in_progress,7942,5602.08,Website,Екатеринбург
ORD-00188,2026-05-05 02:14:29,CLIENT-0253,Анна Смирнова,cancel,58206,35471.81,Google,Санкт-Петербург
ORD-00189,2026-02-10 16:36:26,CLIENT-0202,Елена Волкова,complete,8878,5729.7,Referral,Казань
ORD-00190,2026-05-02 13:45:42,CLIENT-0227,Анна Смирнова,new,8591,6774.53,Google,Екатеринбург
ORD-00191,2026-02-25 10:16:03,CLIENT-0101,Дмитрий Соколов,complete,53436,35199.98,Google,Екатеринбург
ORD-00192,2026-06-17 04:46:06,CLIENT-0313,Анна Смирнова,cancel,63091,29506.39,Google,Казань
ORD-00193,2026-03-05 15:37:03,CLIENT-0290,Алексей Кузнецов,complete,11503,9734.15,Telegram,Екатеринбург
ORD-00194,2026-02-06 17:39:40,CLIENT-0241,Иван Петров,in_progress,38116,30961.01,,Екатеринбург
ORD-00195,2026-03-03 16:33:02,CLIENT-0306,Мария Орлова,complete,44590,34249.05,Instagram,Москва
ORD-00196,2026-01-29 04:02:32,CLIENT-0295,Иван Петров,complete,71135,54514.4,Instagram,Екатеринбург
ORD-00197,2026-02-18 16:39:42,CLIENT-0189,Иван Петров,new,46521,27199.85,Website,Казань
ORD-00198,2026-02-04 14:29:06,CLIENT-0229,Елена Волкова,complete,13978,11026.64,Telegram,Москва
ORD-00199,2026-05-23 05:21:04,CLIENT-0076,Алексей Кузнецов,complete,22155,17910.19,Instagram,Казань
ORD-00200,2026-02-23 01:51:44,CLIENT-0312,Дмитрий Соколов,complete,47750,37758.21,Telegram,Москва
ORD-00201,2026-01-23 08:12:18,CLIENT-0204,Елена Волкова,complete,37801,28420.27,Instagram,Екатеринбург
ORD-00202,2026-06-12 14:27:27,CLIENT-0065,Дмитрий Соколов,complete,38034,23410.66,Telegram,Казань
ORD-00203,2026-05-04 09:31:05,CLIENT-0263,Анна Смирнова,new,65969,30929.34,Telegram,Екатеринбург
ORD-00204,2026-06-13 21:08:03,CLIENT-0069,Мария Орлова,in_progress,41803,33181.29,Google,Москва
ORD-00205,2026-06-26 05:41:56,CLIENT-0021,Дмитрий Соколов,complete,24471,19692.99,Website,Екатеринбург
ORD-00206,2026-03-17 10:28:21,CLIENT-0301,Елена Волкова,cancel,28876,15683.58,Google,Екатеринбург
ORD-00207,2026-06-02 07:28:43,CLIENT-0234,Елена Волкова,complete,10247,6092.07,Telegram,Казань
ORD-00208,2026-05-07 18:03:03,CLIENT-0130,Иван Петров,new,67060,31042.46,Referral,Москва
ORD-00209,2026-05-06 14:06:11,CLIENT-0271,Алексей Кузнецов,complete,25716,11933.3,Google,Казань
ORD-00210,2026-05-01 23:19:38,CLIENT-0335,Елена Волкова,complete,45585,27660.61,Google,Санкт-Петербург
ORD-00211,2026-05-15 18:30:01,CLIENT-0243,Алексей Кузнецов,in_progress,79187,49135.22,Telegram,Москва
ORD-00212,2026-06-06 17:11:09,CLIENT-0299,Иван Петров,complete,59684,46608.79,Telegram,Новосибирск
ORD-00213,2026-05-14 22:27:46,CLIENT-0257,Елена Волкова,complete,76874,54901.36,Referral,Екатеринбург
ORD-00214,2026-03-09 19:12:15,CLIENT-0269,Алексей Кузнецов,complete,38162,27486.35,Telegram,Екатеринбург
ORD-00215,2026-02-15 07:44:59,CLIENT-0024,Алексей Кузнецов,in_progress,4922,3405.25,Website,Казань
ORD-00216,2026-05-04 22:41:24,CLIENT-0357,Анна Смирнова,complete,65390,53632.98,,Новосибирск
ORD-00217,2026-03-14 15:12:36,CLIENT-0005,Елена Волкова,complete,49703,39693.42,Telegram,Москва
ORD-00218,2026-04-16 03:23:45,CLIENT-0026,Иван Петров,new,47323,27141.13,Google,Казань
ORD-00219,2026-06-02 17:41:08,CLIENT-0312,Иван Петров,new,41573,34663.2,Telegram,Санкт-Петербург
ORD-00220,2026-02-23 20:17:06,CLIENT-0216,Алексей Кузнецов,complete,42651,24204.47,Referral,Москва
ORD-00221,2026-05-14 02:20:27,CLIENT-0323,Дмитрий Соколов,cancel,8534,5948.3,Google,Новосибирск
ORD-00222,2026-03-28 09:32:02,CLIENT-0185,Дмитрий Соколов,complete,42223,31562.78,Google,Казань
ORD-00223,2026-03-11 23:03:24,CLIENT-0190,Мария Орлова,in_progress,22187,10260.93,Telegram,Екатеринбург
ORD-00224,2026-02-28 05:37:20,CLIENT-0150,Дмитрий Соколов,cancel,17616,12039.56,Referral,Казань
ORD-00225,2026-03-16 16:46:26,CLIENT-0059,Елена Волкова,complete,14328,10108.14,Instagram,Казань
ORD-00226,2026-03-14 03:36:51,CLIENT-0264,Анна Смирнова,complete,10105,4961.5,Instagram,Санкт-Петербург
ORD-00227,2026-04-20 15:25:32,CLIENT-0345,Дмитрий Соколов,cancel,11952,6421.79,Google,Москва
ORD-00228,2026-06-17 15:10:56,CLIENT-0010,Елена Волкова,new,73509,43050.69,Website,Санкт-Петербург
ORD-00229,2026-03-05 09:53:58,CLIENT-0129,Анна Смирнова,in_progress,79245,53115.25,Referral,Санкт-Петербург
ORD-00230,2026-03-25 15:00:32,CLIENT-0019,Алексей Кузнецов,in_progress,75788,55341.94,Telegram,Москва
ORD-00231,2026-06-28 20:42:12,CLIENT-0112,Мария Орлова,in_progress,15278,11528.7,Google,Москва
ORD-00232,2026-06-18 05:45:28,CLIENT-0227,Иван Петров,complete,22175,10535.95,Google,Казань
ORD-00233,2026-04-06 15:03:44,CLIENT-0117,Иван Петров,complete,61002,32336.66,Website,Москва
ORD-00234,2026-05-13 15:13:03,CLIENT-0381,Мария Орлова,complete,18195,8824.02,Google,Казань
ORD-00235,2026-02-19 01:47:23,CLIENT-0392,Мария Орлова,complete,7228,5345.64,Google,Казань
ORD-00236,2026-03-08 18:46:34,CLIENT-0126,Алексей Кузнецов,complete,53663,26066.88,Referral,Казань
ORD-00237,2026-05-18 19:09:38,CLIENT-0224,Елена Волкова,complete,34420,16484.0,Referral,Казань
ORD-00238,2026-04-09 03:41:38,CLIENT-0203,Елена Волкова,complete,50758,29985.47,,Москва
ORD-00239,2026-03-31 12:32:55,CLIENT-0281,Анна Смирнова,in_progress,42611,28835.97,Website,Санкт-Петербург
ORD-00240,2026-03-07 17:42:19,CLIENT-0314,Мария Орлова,complete,20719,10658.8,Telegram,Казань
ORD-00241,2026-05-21 07:05:23,CLIENT-0079,Алексей Кузнецов,complete,43598,20966.5,Instagram,Москва
ORD-00242,2026-05-25 05:41:08,CLIENT-0018,Дмитрий Соколов,new,27482,17638.84,,Санкт-Петербург
ORD-00243,2026-01-18 04:13:25,CLIENT-0182,Елена Волкова,complete,50983,33296.92,Referral,Казань
ORD-00244,2026-04-06 17:22:00,CLIENT-0139,Дмитрий Соколов,new,52210,24175.95,Referral,Санкт-Петербург
ORD-00245,2026-06-18 08:11:36,CLIENT-0207,Иван Петров,complete,42898,24916.29,Google,Санкт-Петербург
ORD-00246,2026-04-19 20:29:18,CLIENT-0115,Мария Орлова,new,15732,13220.07,Telegram,Санкт-Петербург
ORD-00247,2026-05-23 08:52:52,CLIENT-0277,Елена Волкова,new,78157,51136.39,Website,Новосибирск
ORD-00248,2026-03-12 20:02:15,CLIENT-0183,Иван Петров,complete,26970,17664.82,Google,Казань
ORD-00249,2026-05-12 08:50:59,CLIENT-0011,Мария Орлова,complete,20509,15566.41,Google,Санкт-Петербург
ORD-00250,2026-06-21 04:03:57,CLIENT-0109,Дмитрий Соколов,new,34106,24596.9,Google,Санкт-Петербург
ORD-00251,2026-01-30 04:43:04,CLIENT-0246,Иван Петров,in_progress,5352,2874.18,Instagram,Казань
ORD-00252,2026-02-25 20:49:36,CLIENT-0164,Елена Волкова,in_progress,66988,31974.87,Website,Казань
ORD-00253,2026-01-30 05:36:58,CLIENT-0174,Иван Петров,complete,78089,37938.71,Telegram,Казань
ORD-00254,2026-06-16 17:12:48,CLIENT-0093,Анна Смирнова,complete,45329,20743.42,Referral,Казань
ORD-00255,2026-04-27 07:59:44,CLIENT-0007,Дмитрий Соколов,complete,66908,41241.02,Telegram,Казань
ORD-00256,2026-06-21 12:58:08,CLIENT-0394,Елена Волкова,complete,31495,17678.94,Website,Новосибирск
ORD-00257,2026-02-06 06:56:35,CLIENT-0181,Мария Орлова,complete,25593,14820.03,Google,Екатеринбург
ORD-00258,2026-02-08 10:11:06,CLIENT-0247,Анна Смирнова,complete,61883,31561.55,,Москва
ORD-00259,2026-01-21 08:10:12,CLIENT-0260,Алексей Кузнецов,new,12243,5698.03,Instagram,Казань
ORD-00260,2026-02-20 10:58:47,CLIENT-0198,Елена Волкова,complete,68165,41517.19,Instagram,Новосибирск
ORD-00261,2026-05-21 19:34:51,CLIENT-0189,Алексей Кузнецов,complete,9761,7674.97,Referral,Санкт-Петербург
ORD-00262,2026-01-07 17:42:21,CLIENT-0227,Мария Орлова,complete,42793,33829.12,Website,Санкт-Петербург
ORD-00263,2026-05-23 12:16:57,CLIENT-0291,Анна Смирнова,complete,8906,7406.89,Telegram,Екатеринбург
ORD-00264,2026-02-27 23:46:16,CLIENT-0313,Дмитрий Соколов,new,33666,27059.86,Google,Санкт-Петербург
ORD-00265,2026-02-23 09:35:55,CLIENT-0135,Анна Смирнова,cancel,64069,31991.99,Google,Казань
ORD-00266,2026-05-31 10:36:51,CLIENT-0284,Алексей Кузнецов,complete,72502,41562.72,Website,Новосибирск
ORD-00267,2026-02-22 21:04:58,CLIENT-0159,Анна Смирнова,in_progress,71147,49535.49,Instagram,Казань
ORD-00268,2026-01-12 11:33:23,CLIENT-0195,Елена Волкова,complete,47625,23699.38,Website,Санкт-Петербург
ORD-00269,2026-01-26 01:10:52,CLIENT-0106,Дмитрий Соколов,complete,72889,45697.31,Google,Москва
ORD-00270,2026-06-08 21:35:18,CLIENT-0244,Елена Волкова,complete,61115,37210.81,Telegram,Москва
ORD-00271,2026-02-03 10:07:29,CLIENT-0149,Анна Смирнова,cancel,61977,39994.73,Referral,Екатеринбург
ORD-00272,2026-04-25 10:37:00,CLIENT-0344,Елена Волкова,complete,6612,4447.05,Google,Санкт-Петербург
ORD-00273,2026-03-11 05:34:14,CLIENT-0383,Алексей Кузнецов,complete,16322,9880.2,Instagram,Новосибирск
ORD-00274,2026-04-09 22:42:31,CLIENT-0219,Елена Волкова,new,55592,37047.23,Referral,Новосибирск
ORD-00275,2026-02-24 11:45:43,CLIENT-0313,Анна Смирнова,in_progress,48868,40975.78,Google,Новосибирск
ORD-00276,2026-01-18 11:30:51,CLIENT-0233,Мария Орлова,new,16494,10227.62,Google,Екатеринбург
ORD-00277,2026-04-12 06:59:10,CLIENT-0229,Дмитрий Соколов,complete,53794,34688.91,Telegram,Казань
ORD-00278,2026-01-19 20:01:29,CLIENT-0251,Анна Смирнова,complete,40960,21285.2,Google,Новосибирск
ORD-00279,2026-06-05 21:35:35,CLIENT-0254,Елена Волкова,new,44757,25804.16,,Казань
ORD-00280,2026-02-05 05:32:29,CLIENT-0354,Елена Волкова,complete,63632,36862.84,Telegram,Санкт-Петербург
ORD-00281,2026-05-22 08:24:35,CLIENT-0165,Иван Петров,complete,35155,16545.75,Referral,Казань
ORD-00282,2026-03-18 16:06:12,CLIENT-0339,Анна Смирнова,in_progress,50391,34774.71,Referral,Казань
ORD-00283,2026-05-07 05:46:10,CLIENT-0090,Дмитрий Соколов,complete,53407,38342.43,Google,Казань
ORD-00284,2026-01-29 18:46:17,CLIENT-0314,Анна Смирнова,complete,32123,17460.84,Telegram,Казань
ORD-00285,2026-06-09 01:23:06,CLIENT-0209,Иван Петров,new,49012,23883.5,,Екатеринбург
ORD-00286,2026-05-19 04:47:37,CLIENT-0327,Елена Волкова,new,60279,34974.99,Referral,Казань
ORD-00287,2026-05-11 10:07:26,CLIENT-0076,Елена Волкова,in_progress,73496,37792.26,Google,Екатеринбург
ORD-00288,2026-05-31 01:28:57,CLIENT-0376,Мария Орлова,new,46756,32386.94,Website,Екатеринбург
ORD-00289,2026-05-29 16:25:49,CLIENT-0355,Алексей Кузнецов,complete,25826,13959.53,Instagram,Москва
ORD-00290,2026-01-18 13:55:02,CLIENT-0074,Дмитрий Соколов,new,64457,43568.05,Google,Санкт-Петербург
ORD-00291,2026-04-23 04:29:42,CLIENT-0271,Анна Смирнова,cancel,53283,34104.86,Instagram,Санкт-Петербург
ORD-00292,2026-05-12 17:00:04,CLIENT-0266,Иван Петров,complete,42849,20004.62,Google,Москва
ORD-00293,2026-03-23 05:06:10,CLIENT-0334,Мария Орлова,new,78592,51799.33,Instagram,Санкт-Петербург
ORD-00294,2026-03-15 03:39:38,CLIENT-0189,Анна Смирнова,complete,53293,32751.45,,Санкт-Петербург
ORD-00295,2026-06-17 11:54:44,CLIENT-0202,Елена Волкова,in_progress,5732,3132.05,Instagram,Новосибирск
ORD-00296,2026-02-08 13:42:46,CLIENT-0221,Мария Орлова,new,72111,32668.77,Referral,Новосибирск
ORD-00297,2026-05-31 08:36:14,CLIENT-0399,Дмитрий Соколов,complete,52067,42294.37,Telegram,Москва
ORD-00298,2026-02-24 00:38:18,CLIENT-0031,Анна Смирнова,new,71571,42629.34,Telegram,Москва
ORD-00299,2026-03-14 11:46:11,CLIENT-0148,Дмитрий Соколов,complete,50896,25548.16,Google,Москва
ORD-00300,2026-03-02 14:44:27,CLIENT-0279,Иван Петров,complete,59493,28957.78,Website,Санкт-Петербург
ORD-00301,2026-02-16 02:51:20,CLIENT-0124,Елена Волкова,complete,74421,61814.4,Referral,Новосибирск
ORD-00302,2026-03-03 05:38:07,CLIENT-0313,Мария Орлова,complete,11814,6311.9,Referral,Москва
ORD-00303,2026-06-09 04:15:47,CLIENT-0335,Иван Петров,new,28675,14177.95,Instagram,Екатеринбург
ORD-00304,2026-03-15 08:38:54,CLIENT-0294,Мария Орлова,new,66906,46469.15,Telegram,Новосибирск
ORD-00305,2026-01-24 15:41:46,CLIENT-0318,Анна Смирнова,complete,6798,3811.68,Instagram,Казань
ORD-00306,2026-04-11 23:47:32,CLIENT-0089,Алексей Кузнецов,complete,10174,5672.54,Website,Новосибирск
ORD-00307,2026-04-18 19:52:47,CLIENT-0338,Дмитрий Соколов,complete,45071,29475.82,Telegram,Новосибирск
ORD-00308,2026-01-08 20:47:51,CLIENT-0113,Иван Петров,complete,65574,49233.27,Telegram,Санкт-Петербург
ORD-00309,2026-02-27 12:58:09,CLIENT-0159,Елена Волкова,complete,36970,29138.96,Website,Казань
ORD-00310,2026-05-29 13:17:44,CLIENT-0020,Дмитрий Соколов,complete,21083,17910.21,Telegram,Екатеринбург
ORD-00311,2026-04-10 21:27:07,CLIENT-0395,Иван Петров,complete,4919,3271.59,Telegram,Новосибирск
ORD-00312,2026-04-22 16:44:57,CLIENT-0290,Иван Петров,complete,68784,49977.37,Telegram,Казань
ORD-00313,2026-01-29 18:37:13,CLIENT-0230,Алексей Кузнецов,complete,78081,64116.87,Google,Екатеринбург
ORD-00314,2026-04-06 19:44:22,CLIENT-0029,Иван Петров,complete,8725,4582.24,Website,Москва
ORD-00315,2026-02-10 21:53:47,CLIENT-0077,Анна Смирнова,in_progress,29282,15073.2,Google,Москва
ORD-00316,2026-02-25 04:20:13,CLIENT-0315,Елена Волкова,complete,76755,47904.5,Google,Санкт-Петербург
ORD-00317,2026-06-15 19:29:06,CLIENT-0145,Алексей Кузнецов,in_progress,5852,3644.32,Referral,Новосибирск
ORD-00318,2026-06-16 10:26:24,CLIENT-0388,Алексей Кузнецов,in_progress,7462,6136.74,Telegram,Казань
ORD-00319,2026-04-03 22:33:25,CLIENT-0118,Иван Петров,cancel,26448,20250.56,Referral,Казань
ORD-00320,2026-06-16 00:55:49,CLIENT-0080,Дмитрий Соколов,in_progress,31526,16949.11,Website,Екатеринбург
ORD-00321,2026-03-28 13:16:56,CLIENT-0135,Дмитрий Соколов,complete,3240,2069.93,Website,Казань
ORD-00322,2026-05-11 12:21:00,CLIENT-0394,Елена Волкова,complete,52879,37812.05,Telegram,Москва
ORD-00323,2026-05-31 08:45:10,CLIENT-0360,Анна Смирнова,complete,15987,12860.76,Website,Екатеринбург
ORD-00324,2026-04-09 13:36:15,CLIENT-0092,Дмитрий Соколов,in_progress,67445,45861.03,Instagram,Екатеринбург
ORD-00325,2026-01-21 18:26:33,CLIENT-0387,Алексей Кузнецов,complete,75567,63379.91,Google,Санкт-Петербург
ORD-00326,2026-03-17 12:33:14,CLIENT-0327,Елена Волкова,new,53939,37568.62,Google,Казань
ORD-00327,2026-03-02 19:30:23,CLIENT-0055,Анна Смирнова,complete,69679,54485.89,Telegram,Екатеринбург
ORD-00328,2026-02-16 07:43:48,CLIENT-0376,Мария Орлова,cancel,6209,4188.65,Referral,Новосибирск
ORD-00329,2026-04-27 13:44:11,CLIENT-0195,Елена Волкова,in_progress,14097,8634.93,Google,Санкт-Петербург
ORD-00330,2026-02-10 02:56:10,CLIENT-0193,Алексей Кузнецов,complete,33541,21927.63,Referral,Екатеринбург
ORD-00331,2026-06-12 08:05:17,CLIENT-0313,Иван Петров,complete,62545,30241.44,Google,Москва
ORD-00332,2026-06-15 15:32:03,CLIENT-0276,Мария Орлова,complete,49456,28345.85,Instagram,Казань
ORD-00333,2026-05-20 18:19:59,CLIENT-0309,Анна Смирнова,complete,71974,39583.07,Google,Санкт-Петербург
ORD-00334,2026-04-15 06:02:34,CLIENT-0301,Алексей Кузнецов,complete,45304,33325.09,Google,Казань
ORD-00335,2026-01-16 08:48:14,CLIENT-0044,Анна Смирнова,new,34677,27548.15,Telegram,Санкт-Петербург
ORD-00336,2026-05-21 21:02:40,CLIENT-0362,Иван Петров,cancel,12701,7321.85,Google,Новосибирск
ORD-00337,2026-05-09 02:35:43,CLIENT-0370,Елена Волкова,complete,43737,33185.82,Website,Новосибирск
ORD-00338,2026-04-08 14:08:52,CLIENT-0238,Елена Волкова,new,33264,16563.04,Website,Новосибирск
ORD-00339,2026-06-30 19:18:17,CLIENT-0057,Анна Смирнова,cancel,63052,39286.43,Google,Казань
ORD-00340,2026-05-09 22:17:19,CLIENT-0179,Иван Петров,complete,43372,24099.51,Telegram,Москва
ORD-00341,2026-06-30 18:21:41,CLIENT-0040,Дмитрий Соколов,complete,60842,28410.52,Telegram,Казань
ORD-00342,2026-06-04 08:12:20,CLIENT-0100,Анна Смирнова,complete,17558,9257.05,Website,Екатеринбург
ORD-00343,2026-02-01 16:14:46,CLIENT-0244,Елена Волкова,complete,6770,4561.57,Google,Москва
ORD-00344,2026-05-07 12:08:48,CLIENT-0296,Елена Волкова,new,20973,12125.07,Google,Казань
ORD-00345,2026-05-15 02:40:48,CLIENT-0278,Алексей Кузнецов,new,39662,23431.04,Telegram,Екатеринбург
ORD-00346,2026-02-17 21:46:09,CLIENT-0246,Анна Смирнова,complete,14600,7620.87,Instagram,Екатеринбург
ORD-00347,2026-05-10 22:02:16,CLIENT-0075,Алексей Кузнецов,new,9772,7705.12,Google,Москва
ORD-00348,2026-03-20 19:34:49,CLIENT-0034,Иван Петров,complete,68874,55211.4,Website,Санкт-Петербург
ORD-00349,2026-02-11 02:13:47,CLIENT-0023,Мария Орлова,complete,74342,41530.36,Google,Новосибирск
ORD-00350,2026-04-17 22:19:44,CLIENT-0275,Елена Волкова,new,77654,43229.47,Instagram,Санкт-Петербург
ORD-00351,2026-05-06 13:59:01,CLIENT-0207,Иван Петров,in_progress,24587,11581.61,Referral,Санкт-Петербург
ORD-00352,2026-06-08 15:44:17,CLIENT-0090,Анна Смирнова,complete,59372,37995.26,Referral,Екатеринбург
ORD-00353,2026-03-06 13:15:37,CLIENT-0033,Елена Волкова,cancel,56056,44796.98,Google,Новосибирск
ORD-00354,2026-02-26 22:32:10,CLIENT-0299,Алексей Кузнецов,complete,59713,46384.75,Google,Казань
ORD-00355,2026-03-22 04:13:43,CLIENT-0318,Анна Смирнова,complete,77229,41822.1,Referral,Екатеринбург
ORD-00356,2026-01-23 04:38:32,CLIENT-0253,Алексей Кузнецов,new,57982,46392.64,Google,Москва
ORD-00357,2026-01-23 17:35:32,CLIENT-0263,Мария Орлова,complete,33699,21293.16,Google,Москва
ORD-00358,2026-04-23 19:43:31,CLIENT-0086,Мария Орлова,complete,46905,23542.45,Telegram,Новосибирск
ORD-00359,2026-05-01 23:22:17,CLIENT-0131,Мария Орлова,complete,6630,5530.54,Google,Москва
ORD-00360,2026-02-09 14:06:36,CLIENT-0113,Иван Петров,in_progress,70434,50366.14,Telegram,Санкт-Петербург
ORD-00361,2026-03-09 03:38:31,CLIENT-0348,Дмитрий Соколов,complete,62353,49651.47,Instagram,Москва
ORD-00362,2026-02-08 23:23:23,CLIENT-0143,Мария Орлова,complete,7459,3533.2,Google,Санкт-Петербург
ORD-00363,2026-02-15 23:48:18,CLIENT-0176,Анна Смирнова,complete,47222,21571.74,Google,Казань
ORD-00364,2026-06-19 16:21:03,CLIENT-0092,Алексей Кузнецов,complete,28975,17601.81,Google,Москва
ORD-00365,2026-05-20 05:31:28,CLIENT-0270,Алексей Кузнецов,new,73568,57128.81,Google,Санкт-Петербург
ORD-00366,2026-04-28 22:17:04,CLIENT-0021,Дмитрий Соколов,cancel,60394,31739.65,Website,Новосибирск
ORD-00367,2026-03-20 02:40:42,CLIENT-0290,Иван Петров,complete,38634,24226.21,Referral,Новосибирск
ORD-00368,2026-03-18 11:17:13,CLIENT-0261,Дмитрий Соколов,complete,24020,18834.53,Website,Екатеринбург
ORD-00369,2026-01-25 10:55:33,CLIENT-0147,Дмитрий Соколов,in_progress,57131,42810.38,,Новосибирск
ORD-00370,2026-03-23 21:06:21,CLIENT-0279,Дмитрий Соколов,complete,34475,20462.06,Referral,Екатеринбург
ORD-00371,2026-05-07 07:32:48,CLIENT-0200,Елена Волкова,new,12499,6940.96,Google,Казань
ORD-00372,2026-02-28 16:36:47,CLIENT-0078,Иван Петров,in_progress,66376,32803.43,Google,Санкт-Петербург
ORD-00373,2026-06-16 13:43:59,CLIENT-0030,Елена Волкова,complete,64381,49195.28,Telegram,Новосибирск
ORD-00374,2026-01-20 09:37:01,CLIENT-0164,Дмитрий Соколов,complete,60387,29844.03,Referral,Новосибирск
ORD-00375,2026-04-20 14:10:38,CLIENT-0219,Дмитрий Соколов,in_progress,60853,41039.9,Telegram,Новосибирск
ORD-00376,2026-02-03 07:28:51,CLIENT-0181,Иван Петров,in_progress,9926,5778.27,,Екатеринбург
ORD-00377,2026-04-12 20:13:03,CLIENT-0369,Дмитрий Соколов,cancel,26214,13319.96,Referral,Москва
ORD-00378,2026-02-17 09:44:44,CLIENT-0271,Дмитрий Соколов,complete,33558,19912.9,Referral,Санкт-Петербург
ORD-00379,2026-05-12 06:17:50,CLIENT-0218,Дмитрий Соколов,in_progress,21127,14972.62,Instagram,Москва
ORD-00380,2026-02-17 14:26:50,CLIENT-0203,Елена Волкова,new,35609,18241.08,Telegram,Казань
ORD-00381,2026-03-15 19:27:43,CLIENT-0042,Иван Петров,complete,66172,53608.26,Instagram,Санкт-Петербург
ORD-00382,2026-02-11 00:04:33,CLIENT-0013,Анна Смирнова,cancel,14905,6755.91,Google,Новосибирск
ORD-00383,2026-03-22 21:27:23,CLIENT-0054,Алексей Кузнецов,complete,37605,25297.63,Website,Санкт-Петербург
ORD-00384,2026-06-15 05:47:59,CLIENT-0194,Мария Орлова,new,6479,4546.78,Website,Казань
ORD-00385,2026-01-16 16:34:14,CLIENT-0006,Мария Орлова,complete,60555,34933.21,Website,Новосибирск
ORD-00386,2026-01-07 15:19:17,CLIENT-0354,Алексей Кузнецов,complete,61540,48722.45,Website,Новосибирск
ORD-00387,2026-06-01 20:35:53,CLIENT-0397,Алексей Кузнецов,cancel,5294,2406.67,Instagram,Казань
ORD-00388,2026-05-20 02:27:28,CLIENT-0147,Елена Волкова,complete,21765,17876.93,Instagram,Новосибирск
ORD-00389,2026-01-19 11:08:04,CLIENT-0299,Елена Волкова,complete,64494,47675.81,Referral,Казань
ORD-00390,2026-01-11 15:54:49,CLIENT-0304,Анна Смирнова,complete,54222,36092.11,Telegram,Казань
ORD-00391,2026-05-21 00:41:00,CLIENT-0340,Дмитрий Соколов,complete,75898,61465.36,Google,Москва
ORD-00392,2026-01-29 19:45:55,CLIENT-0251,Дмитрий Соколов,cancel,54501,30204.41,Website,Казань
ORD-00393,2026-05-23 18:07:02,CLIENT-0131,Иван Петров,cancel,53884,30157.12,,Москва
ORD-00394,2026-03-06 11:40:29,CLIENT-0041,Иван Петров,complete,34149,15934.26,Google,Москва
ORD-00395,2026-02-04 17:14:38,CLIENT-0178,Алексей Кузнецов,new,36063,22213.97,Google,Екатеринбург
ORD-00396,2026-01-25 09:02:53,CLIENT-0088,Елена Волкова,in_progress,78251,50529.67,Telegram,Новосибирск
ORD-00397,2026-02-21 20:36:38,CLIENT-0037,Иван Петров,complete,45726,30272.68,Referral,Москва
ORD-00398,2026-02-06 06:20:19,CLIENT-0340,Мария Орлова,new,14419,6492.35,Google,Екатеринбург
ORD-00399,2026-04-15 19:39:13,CLIENT-0061,Дмитрий Соколов,cancel,36349,23025.41,Referral,Санкт-Петербург
ORD-00400,2026-04-15 17:50:28,CLIENT-0382,Мария Орлова,complete,19466,12728.48,Referral,Новосибирск
ORD-00401,2026-06-09 01:29:45,CLIENT-0192,Анна Смирнова,complete,23358,13078.47,Telegram,Казань
ORD-00402,2026-01-26 12:03:22,CLIENT-0248,Анна Смирнова,complete,3974,2154.02,Telegram,Новосибирск
ORD-00403,2026-01-13 04:41:51,CLIENT-0028,Дмитрий Соколов,complete,60670,30017.98,Instagram,Екатеринбург
ORD-00404,2026-04-13 09:56:14,CLIENT-0124,Мария Орлова,cancel,33067,25939.85,Telegram,Москва
ORD-00405,2026-02-27 22:43:58,CLIENT-0142,Иван Петров,new,66405,32284.27,Google,Новосибирск
ORD-00406,2026-03-22 12:00:27,CLIENT-0342,Анна Смирнова,new,60621,47239.02,,Санкт-Петербург
ORD-00407,2026-05-09 07:15:44,CLIENT-0129,Анна Смирнова,complete,45798,26972.14,Instagram,Москва
ORD-00408,2026-05-08 07:49:07,CLIENT-0009,Анна Смирнова,cancel,73252,33430.61,Referral,Санкт-Петербург
ORD-00409,2026-04-27 17:47:00,CLIENT-0189,Мария Орлова,cancel,12576,7802.88,Website,Санкт-Петербург
ORD-00410,2026-06-06 17:01:09,CLIENT-0351,Мария Орлова,cancel,47440,32224.55,Website,Екатеринбург
ORD-00411,2026-01-08 07:48:58,CLIENT-0315,Алексей Кузнецов,cancel,39157,29731.06,Google,Санкт-Петербург
ORD-00412,2026-01-27 23:59:59,CLIENT-0055,Иван Петров,complete,40069,29522.96,Instagram,Санкт-Петербург
ORD-00413,2026-01-25 08:58:53,CLIENT-0151,Елена Волкова,complete,73184,45792.53,Telegram,Москва
ORD-00414,2026-06-16 02:44:09,CLIENT-0243,Алексей Кузнецов,in_progress,79943,42614.32,Website,Новосибирск
ORD-00415,2026-06-08 02:15:09,CLIENT-0338,Дмитрий Соколов,cancel,24629,19959.24,Instagram,Казань
ORD-00416,2026-02-11 15:52:04,CLIENT-0129,Елена Волкова,complete,41404,31681.77,Referral,Казань
ORD-00417,2026-03-04 12:19:46,CLIENT-0143,Елена Волкова,complete,71339,41267.4,Google,Екатеринбург
ORD-00418,2026-04-18 23:04:55,CLIENT-0172,Мария Орлова,in_progress,23929,13541.73,,Новосибирск
ORD-00419,2026-01-12 01:05:42,CLIENT-0197,Елена Волкова,cancel,67865,50106.94,Google,Санкт-Петербург
ORD-00420,2026-04-13 15:19:29,CLIENT-0056,Дмитрий Соколов,complete,43039,20058.83,,Казань
ORD-00421,2026-05-31 16:48:22,CLIENT-0365,Иван Петров,in_progress,49441,32514.83,Google,Москва
ORD-00422,2026-04-09 16:29:33,CLIENT-0382,Дмитрий Соколов,complete,6416,3319.56,Telegram,Екатеринбург
ORD-00423,2026-05-11 01:34:16,CLIENT-0255,Елена Волкова,in_progress,24621,11512.23,Telegram,Москва
ORD-00424,2026-03-28 06:42:15,CLIENT-0171,Елена Волкова,complete,9536,8101.51,Telegram,Новосибирск
ORD-00425,2026-01-31 09:47:17,CLIENT-0325,Дмитрий Соколов,complete,14656,8568.35,Telegram,Санкт-Петербург
ORD-00426,2026-05-03 22:21:24,CLIENT-0328,Алексей Кузнецов,cancel,66612,53074.68,Telegram,Санкт-Петербург
ORD-00427,2026-04-29 17:07:42,CLIENT-0093,Алексей Кузнецов,in_progress,37087,28273.39,Website,Новосибирск
ORD-00428,2026-04-16 13:31:54,CLIENT-0131,Анна Смирнова,in_progress,10067,6451.82,Instagram,Москва
ORD-00429,2026-01-12 02:38:56,CLIENT-0002,Мария Орлова,complete,77339,50371.71,Website,Москва
ORD-00430,2026-04-29 11:17:20,CLIENT-0400,Елена Волкова,complete,29203,13989.67,Website,Новосибирск
ORD-00431,2026-02-17 20:33:00,CLIENT-0350,Иван Петров,complete,31876,26096.01,Google,Екатеринбург
ORD-00432,2026-03-18 18:43:31,CLIENT-0400,Алексей Кузнецов,complete,26039,12273.55,Telegram,Санкт-Петербург
ORD-00433,2026-05-24 09:05:58,CLIENT-0172,Дмитрий Соколов,new,62235,41449.09,Referral,Казань
ORD-00434,2026-05-14 22:43:33,CLIENT-0150,Дмитрий Соколов,complete,53934,29607.76,Website,Санкт-Петербург
ORD-00435,2026-01-23 07:30:05,CLIENT-0113,Анна Смирнова,complete,39113,25427.83,Website,Екатеринбург
ORD-00436,2026-01-15 16:23:08,CLIENT-0165,Дмитрий Соколов,new,39132,20250.42,Google,Москва
ORD-00437,2026-01-29 09:12:24,CLIENT-0134,Иван Петров,complete,36753,19659.62,Telegram,Санкт-Петербург
ORD-00438,2026-02-26 01:17:28,CLIENT-0183,Мария Орлова,in_progress,51044,31253.21,Website,Казань
ORD-00439,2026-04-26 23:35:18,CLIENT-0200,Мария Орлова,complete,79034,46838.28,Google,Москва
ORD-00440,2026-02-27 09:36:20,CLIENT-0173,Дмитрий Соколов,complete,43306,20185.12,Referral,Екатеринбург
ORD-00441,2026-02-27 01:28:38,CLIENT-0188,Дмитрий Соколов,complete,59540,36882.38,Referral,Новосибирск
ORD-00442,2026-05-15 01:26:11,CLIENT-0042,Анна Смирнова,complete,40910,32955.51,,Казань
ORD-00443,2026-03-31 20:29:21,CLIENT-0193,Елена Волкова,complete,53070,26494.7,Google,Санкт-Петербург
ORD-00444,2026-06-05 08:50:26,CLIENT-0352,Елена Волкова,complete,65615,39596.23,Google,Москва
ORD-00445,2026-01-07 04:33:22,CLIENT-0086,Алексей Кузнецов,in_progress,60601,46899.99,Telegram,Екатеринбург
ORD-00446,2026-05-17 15:49:27,CLIENT-0062,Елена Волкова,complete,35765,27009.57,Telegram,Москва
ORD-00447,2026-07-02 03:38:37,CLIENT-0160,Анна Смирнова,in_progress,31129,14685.64,Website,Санкт-Петербург
ORD-00448,2026-06-16 11:29:27,CLIENT-0067,Анна Смирнова,complete,38183,28870.77,Google,Санкт-Петербург
ORD-00449,2026-01-30 02:00:42,CLIENT-0251,Иван Петров,in_progress,54456,36291.01,Google,Новосибирск
ORD-00450,2026-05-02 09:45:40,CLIENT-0097,Дмитрий Соколов,new,22875,12531.16,Website,Санкт-Петербург
ORD-00451,2026-02-13 07:44:10,CLIENT-0041,Мария Орлова,cancel,78245,63915.1,Telegram,Санкт-Петербург
ORD-00452,2026-01-15 20:32:36,CLIENT-0364,Анна Смирнова,complete,75982,62070.79,Instagram,Екатеринбург
ORD-00453,2026-02-03 12:54:21,CLIENT-0189,Дмитрий Соколов,complete,60080,44857.51,Google,Екатеринбург
ORD-00454,2026-03-25 05:04:37,CLIENT-0025,Елена Волкова,complete,27038,12733.05,,Новосибирск
ORD-00455,2026-05-23 00:11:40,CLIENT-0103,Елена Волкова,complete,49146,25187.01,Instagram,Казань
ORD-00456,2026-01-31 09:36:36,CLIENT-0341,Анна Смирнова,new,31885,17953.45,Google,Новосибирск
ORD-00457,2026-02-22 09:23:11,CLIENT-0032,Дмитрий Соколов,complete,42411,27434.78,Telegram,Москва
ORD-00458,2026-04-15 06:17:04,CLIENT-0389,Алексей Кузнецов,complete,59185,26928.87,Instagram,Санкт-Петербург
ORD-00459,2026-01-19 13:21:10,CLIENT-0084,Иван Петров,in_progress,9683,7218.76,Referral,Екатеринбург
ORD-00460,2026-02-26 23:30:59,CLIENT-0331,Алексей Кузнецов,complete,58904,27184.66,Instagram,Новосибирск
ORD-00461,2026-05-03 22:19:46,CLIENT-0335,Дмитрий Соколов,cancel,76372,53522.72,Referral,Казань
ORD-00462,2026-06-24 12:16:29,CLIENT-0074,Елена Волкова,complete,26393,16649.61,Telegram,Новосибирск
ORD-00463,2026-01-07 13:48:11,CLIENT-0197,Мария Орлова,complete,12300,8961.37,Referral,Санкт-Петербург
ORD-00464,2026-06-23 21:53:43,CLIENT-0087,Елена Волкова,complete,66050,54924.28,Google,Казань
ORD-00465,2026-01-20 06:18:37,CLIENT-0121,Анна Смирнова,cancel,78291,60526.95,Website,Казань
ORD-00466,2026-06-01 20:26:07,CLIENT-0046,Дмитрий Соколов,cancel,7806,5458.44,Website,Санкт-Петербург
ORD-00467,2026-03-08 21:29:49,CLIENT-0023,Дмитрий Соколов,new,21386,16625.93,Website,Санкт-Петербург
ORD-00468,2026-04-13 04:07:31,CLIENT-0238,Иван Петров,complete,27969,22575.53,Referral,Новосибирск
ORD-00469,2026-04-01 16:49:41,CLIENT-0321,Алексей Кузнецов,in_progress,79603,47158.61,Google,Новосибирск
ORD-00470,2026-04-16 10:52:33,CLIENT-0171,Иван Петров,in_progress,31737,23731.19,Google,Москва
ORD-00471,2026-06-29 10:33:38,CLIENT-0019,Елена Волкова,complete,45502,38055.54,Telegram,Екатеринбург
ORD-00472,2026-04-25 14:47:20,CLIENT-0007,Алексей Кузнецов,complete,35755,28704.78,Google,Казань
ORD-00473,2026-04-24 23:02:12,CLIENT-0215,Анна Смирнова,new,17525,10026.04,Website,Екатеринбург
ORD-00474,2026-02-04 01:18:42,CLIENT-0078,Алексей Кузнецов,complete,4362,1973.07,,Санкт-Петербург
ORD-00475,2026-04-05 14:21:38,CLIENT-0282,Анна Смирнова,cancel,35438,23841.52,Google,Новосибирск
ORD-00476,2026-05-28 18:55:56,CLIENT-0071,Дмитрий Соколов,complete,46277,24421.57,Website,Москва
ORD-00477,2026-06-01 15:58:05,CLIENT-0075,Иван Петров,complete,38784,22920.52,Website,Москва
ORD-00478,2026-03-09 01:25:36,CLIENT-0201,Мария Орлова,complete,43555,31527.12,Telegram,Новосибирск
ORD-00479,2026-04-05 06:32:24,CLIENT-0005,Дмитрий Соколов,complete,27332,22952.11,Telegram,Москва
ORD-00480,2026-02-26 15:00:43,CLIENT-0238,Дмитрий Соколов,complete,13374,9195.38,Google,Санкт-Петербург
ORD-00481,2026-05-31 02:54:39,CLIENT-0317,Дмитрий Соколов,complete,53912,29058.33,Telegram,Санкт-Петербург
ORD-00482,2026-05-23 13:53:14,CLIENT-0045,Елена Волкова,complete,46303,39175.19,Google,Санкт-Петербург
ORD-00483,2026-05-12 05:13:22,CLIENT-0398,Алексей Кузнецов,complete,73307,46124.06,Website,Екатеринбург
ORD-00484,2026-04-03 11:10:32,CLIENT-0095,Алексей Кузнецов,in_progress,16320,9656.65,Website,Екатеринбург
ORD-00485,2026-06-13 00:34:47,CLIENT-0325,Алексей Кузнецов,complete,11311,5396.21,Telegram,Казань
ORD-00486,2026-02-05 05:18:09,CLIENT-0211,Дмитрий Соколов,complete,12266,6452.94,Telegram,Новосибирск
ORD-00487,2026-04-06 12:50:20,CLIENT-0156,Дмитрий Соколов,complete,4139,2235.51,Telegram,Санкт-Петербург
ORD-00488,2026-05-15 07:03:32,CLIENT-0297,Дмитрий Соколов,complete,9063,4666.74,Telegram,Москва
ORD-00489,2026-04-25 17:57:13,CLIENT-0286,Анна Смирнова,complete,26553,19450.95,Instagram,Новосибирск
ORD-00490,2026-03-15 15:11:53,CLIENT-0382,Иван Петров,new,50167,32669.75,Telegram,Екатеринбург
ORD-00491,2026-03-14 12:27:28,CLIENT-0250,Дмитрий Соколов,complete,69702,37866.69,Google,Казань
ORD-00492,2026-02-16 22:13:41,CLIENT-0178,Дмитрий Соколов,in_progress,29741,15638.22,Google,Екатеринбург
ORD-00493,2026-02-18 17:31:54,CLIENT-0121,Елена Волкова,complete,57392,29619.17,Google,Екатеринбург
ORD-00494,2026-06-18 17:18:51,CLIENT-0013,Мария Орлова,in_progress,74923,36420.15,Google,Санкт-Петербург
ORD-00495,2026-04-02 05:04:35,CLIENT-0212,Иван Петров,cancel,21060,10266.91,Telegram,Екатеринбург
ORD-00496,2026-06-18 00:29:59,CLIENT-0154,Дмитрий Соколов,new,44217,25405.13,Website,Новосибирск
ORD-00497,2026-04-16 03:10:11,CLIENT-0352,Дмитрий Соколов,complete,18715,12801.38,Website,Москва
ORD-00498,2026-03-17 14:30:19,CLIENT-0037,Мария Орлова,in_progress,4234,2321.3,Referral,Санкт-Петербург
ORD-00499,2026-04-19 06:46:57,CLIENT-0294,Анна Смирнова,complete,63960,46598.86,Website,Новосибирск
ORD-00500,2026-03-29 14:08:39,CLIENT-0370,Алексей Кузнецов,complete,12671,10610.02,,Санкт-Петербург
ORD-00501,2026-04-19 02:05:57,CLIENT-0373,Анна Смирнова,cancel,54735,32841.23,Instagram,Новосибирск
ORD-00502,2026-06-30 06:31:53,CLIENT-0181,Елена Волкова,in_progress,67682,54690.99,Website,Москва
ORD-00503,2026-05-10 00:55:42,CLIENT-0374,Дмитрий Соколов,complete,58194,27623.26,Referral,Новосибирск
ORD-00504,2026-03-17 03:35:04,CLIENT-0365,Елена Волкова,complete,11909,9623.28,Google,Санкт-Петербург
ORD-00505,2026-02-24 21:23:43,CLIENT-0159,Анна Смирнова,complete,63991,45562.77,Telegram,Москва
ORD-00506,2026-03-10 01:23:40,CLIENT-0365,Анна Смирнова,cancel,78852,46366.75,Telegram,Казань
ORD-00507,2026-05-12 00:23:45,CLIENT-0352,Мария Орлова,complete,65103,50553.63,Website,Казань
ORD-00508,2026-03-12 14:47:19,CLIENT-0350,Мария Орлова,new,45629,28704.78,Website,Екатеринбург
ORD-00509,2026-05-05 22:39:06,CLIENT-0081,Анна Смирнова,cancel,44971,24702.66,Telegram,Новосибирск
ORD-00510,2026-06-26 01:33:18,CLIENT-0085,Дмитрий Соколов,complete,20825,9970.26,Instagram,Новосибирск
ORD-00511,2026-05-08 06:32:56,CLIENT-0077,Алексей Кузнецов,complete,38172,17298.42,Google,Казань
ORD-00512,2026-01-13 06:13:46,CLIENT-0382,Иван Петров,complete,75635,35886.79,Website,Санкт-Петербург
ORD-00513,2026-02-20 23:26:16,CLIENT-0184,Мария Орлова,complete,17538,14387.36,Website,Москва
ORD-00514,2026-04-16 00:45:30,CLIENT-0109,Дмитрий Соколов,new,40280,27129.98,Telegram,Казань
ORD-00515,2026-05-21 06:44:18,CLIENT-0046,Иван Петров,cancel,47331,31813.64,Referral,Санкт-Петербург
ORD-00516,2026-05-31 03:12:54,CLIENT-0014,Мария Орлова,in_progress,64738,33467.55,Website,Москва
ORD-00517,2026-02-13 17:57:40,CLIENT-0238,Иван Петров,complete,6029,3726.78,Referral,Екатеринбург
ORD-00518,2026-02-23 03:01:05,CLIENT-0197,Анна Смирнова,new,78264,53047.36,Google,Казань
ORD-00519,2026-02-04 16:00:07,CLIENT-0164,Иван Петров,complete,64872,51719.32,Google,Санкт-Петербург
ORD-00520,2026-03-05 00:02:37,CLIENT-0232,Мария Орлова,in_progress,70508,34565.57,Instagram,Москва
ORD-00521,2026-06-20 01:45:29,CLIENT-0102,Мария Орлова,in_progress,48997,37958.75,Google,Москва
ORD-00522,2026-02-01 19:07:20,CLIENT-0105,Анна Смирнова,in_progress,16215,12941.56,Website,Санкт-Петербург
ORD-00523,2026-04-10 14:12:51,CLIENT-0034,Алексей Кузнецов,in_progress,41433,27875.95,Instagram,Екатеринбург
ORD-00524,2026-03-12 03:07:35,CLIENT-0090,Анна Смирнова,complete,71829,61015.08,Referral,Москва
ORD-00525,2026-05-20 05:57:13,CLIENT-0397,Анна Смирнова,in_progress,22662,12078.18,Google,Новосибирск
ORD-00526,2026-05-29 14:05:53,CLIENT-0202,Дмитрий Соколов,cancel,69381,46431.47,Website,Новосибирск
ORD-00527,2026-02-13 17:39:16,CLIENT-0245,Дмитрий Соколов,complete,60167,38400.76,Google,Санкт-Петербург
ORD-00528,2026-03-29 15:54:18,CLIENT-0072,Анна Смирнова,cancel,38959,27037.48,Telegram,Новосибирск
ORD-00529,2026-03-11 18:19:57,CLIENT-0116,Мария Орлова,cancel,11101,6538.55,Website,Екатеринбург
ORD-00530,2026-01-09 20:28:25,CLIENT-0079,Дмитрий Соколов,cancel,67189,55399.24,Website,Москва
ORD-00531,2026-01-14 18:41:17,CLIENT-0016,Иван Петров,complete,12584,6036.15,Website,Санкт-Петербург
ORD-00532,2026-02-13 08:01:38,CLIENT-0143,Мария Орлова,new,59457,34787.52,Website,Санкт-Петербург
ORD-00533,2026-01-09 11:24:53,CLIENT-0231,Елена Волкова,complete,49443,24529.3,Referral,Москва
ORD-00534,2026-07-01 15:08:52,CLIENT-0343,Алексей Кузнецов,new,30669,16276.64,Referral,Екатеринбург
ORD-00535,2026-06-27 05:16:38,CLIENT-0079,Иван Петров,complete,41601,29680.68,Instagram,Казань
ORD-00536,2026-05-24 16:17:48,CLIENT-0130,Мария Орлова,complete,6120,4821.59,Google,Екатеринбург
ORD-00537,2026-02-26 23:00:53,CLIENT-0016,Анна Смирнова,in_progress,13143,6602.56,Website,Санкт-Петербург
ORD-00538,2026-01-11 10:49:00,CLIENT-0002,Анна Смирнова,in_progress,63308,51856.12,Referral,Екатеринбург
ORD-00539,2026-03-31 17:27:28,CLIENT-0042,Алексей Кузнецов,complete,38404,29814.12,Telegram,Казань
ORD-00540,2026-02-14 12:14:37,CLIENT-0274,Мария Орлова,cancel,21262,12099.9,,Екатеринбург
ORD-00541,2026-06-08 09:35:11,CLIENT-0203,Дмитрий Соколов,complete,15816,7309.21,Instagram,Москва
ORD-00542,2026-04-19 00:05:48,CLIENT-0281,Анна Смирнова,complete,26612,14203.57,Referral,Екатеринбург
ORD-00543,2026-02-16 17:48:59,CLIENT-0383,Мария Орлова,in_progress,59710,43546.83,Google,Новосибирск
ORD-00544,2026-05-06 15:24:51,CLIENT-0035,Анна Смирнова,in_progress,18067,15129.9,Website,Новосибирск
ORD-00545,2026-04-10 02:21:58,CLIENT-0305,Дмитрий Соколов,complete,63346,50807.31,Website,Новосибирск
ORD-00546,2026-03-30 15:45:25,CLIENT-0266,Иван Петров,in_progress,37018,18587.35,Website,Новосибирск
ORD-00547,2026-05-13 05:15:27,CLIENT-0329,Дмитрий Соколов,new,3685,2939.39,Google,Новосибирск
ORD-00548,2026-05-15 06:09:10,CLIENT-0192,Анна Смирнова,cancel,43498,31051.46,,Москва
ORD-00549,2026-01-11 08:05:41,CLIENT-0341,Иван Петров,complete,42970,22453.5,Website,Казань
ORD-00550,2026-05-24 20:35:05,CLIENT-0352,Анна Смирнова,complete,67373,42583.26,Referral,Екатеринбург
ORD-00551,2026-04-05 14:56:16,CLIENT-0072,Алексей Кузнецов,new,25509,13491.96,Website,Екатеринбург
ORD-00552,2026-04-04 14:11:23,CLIENT-0294,Дмитрий Соколов,new,74694,47218.8,Telegram,Казань
ORD-00553,2026-04-10 03:33:49,CLIENT-0059,Мария Орлова,complete,4441,3655.04,Telegram,Москва
ORD-00554,2026-01-12 22:33:30,CLIENT-0361,Алексей Кузнецов,complete,9844,6365.74,Telegram,Екатеринбург
ORD-00555,2026-02-09 22:31:09,CLIENT-0132,Анна Смирнова,in_progress,70042,32673.95,Google,Москва
ORD-00556,2026-01-28 11:05:45,CLIENT-0372,Мария Орлова,complete,77163,42529.4,Google,Санкт-Петербург
ORD-00557,2026-01-05 07:00:42,CLIENT-0218,Мария Орлова,complete,27105,17110.55,Google,Екатеринбург
ORD-00558,2026-05-29 12:00:50,CLIENT-0384,Елена Волкова,complete,64227,41938.24,Instagram,Москва
ORD-00559,2026-03-26 13:19:32,CLIENT-0056,Алексей Кузнецов,complete,41549,25567.55,Website,Новосибирск
ORD-00560,2026-06-27 07:37:41,CLIENT-0260,Елена Волкова,complete,41190,22808.9,Google,Москва
ORD-00561,2026-05-09 05:40:52,CLIENT-0212,Анна Смирнова,complete,24483,13973.5,Instagram,Москва
ORD-00562,2026-02-18 23:08:08,CLIENT-0188,Анна Смирнова,cancel,71284,33874.75,Referral,Новосибирск
ORD-00563,2026-03-21 18:55:08,CLIENT-0285,Анна Смирнова,in_progress,39962,25952.39,Google,Москва
ORD-00564,2026-01-23 13:58:59,CLIENT-0357,Елена Волкова,complete,29897,20734.53,Telegram,Санкт-Петербург
ORD-00565,2026-05-20 12:20:59,CLIENT-0327,Мария Орлова,complete,8959,4298.83,Website,Казань
ORD-00566,2026-04-02 03:42:49,CLIENT-0225,Елена Волкова,cancel,56311,34318.13,Telegram,Новосибирск
ORD-00567,2026-05-26 12:21:02,CLIENT-0356,Елена Волкова,complete,35821,25246.6,Telegram,Новосибирск
ORD-00568,2026-01-30 15:25:05,CLIENT-0068,Дмитрий Соколов,in_progress,67658,39773.57,Telegram,Новосибирск
ORD-00569,2026-05-26 08:42:47,CLIENT-0289,Мария Орлова,in_progress,12185,8810.4,Instagram,Санкт-Петербург
ORD-00570,2026-03-17 18:24:30,CLIENT-0006,Алексей Кузнецов,complete,38361,20650.07,Referral,Казань
ORD-00571,2026-06-13 07:37:14,CLIENT-0024,Алексей Кузнецов,complete,54495,34536.32,Telegram,Екатеринбург
ORD-00572,2026-05-26 05:27:40,CLIENT-0165,Дмитрий Соколов,new,52973,26417.02,Google,Екатеринбург
ORD-00573,2026-03-10 22:02:08,CLIENT-0032,Алексей Кузнецов,in_progress,67748,53305.73,Google,Казань
ORD-00574,2026-01-20 07:45:49,CLIENT-0110,Елена Волкова,complete,7842,4896.28,Google,Казань
ORD-00575,2026-03-22 06:34:00,CLIENT-0227,Дмитрий Соколов,in_progress,59602,35164.64,Referral,Казань
ORD-00576,2026-06-03 03:38:57,CLIENT-0372,Елена Волкова,new,40846,21701.48,Instagram,Казань
ORD-00577,2026-06-29 07:47:29,CLIENT-0236,Мария Орлова,cancel,46797,23125.35,Telegram,Казань
ORD-00578,2026-05-27 23:15:54,CLIENT-0161,Алексей Кузнецов,new,52656,42399.24,Referral,Санкт-Петербург
ORD-00579,2026-05-30 05:46:04,CLIENT-0145,Дмитрий Соколов,new,66597,53034.95,Telegram,Санкт-Петербург
ORD-00580,2026-01-27 14:57:22,CLIENT-0238,Мария Орлова,complete,39158,28133.52,Instagram,Новосибирск
ORD-00581,2026-03-17 14:42:00,CLIENT-0029,Дмитрий Соколов,cancel,32503,19105.41,Telegram,Новосибирск
ORD-00582,2026-02-13 22:59:07,CLIENT-0036,Алексей Кузнецов,cancel,21685,17617.48,Website,Новосибирск
ORD-00583,2026-03-06 05:35:06,CLIENT-0144,Дмитрий Соколов,complete,13499,8733.52,Website,Москва
ORD-00584,2026-02-07 12:23:19,CLIENT-0196,Дмитрий Соколов,complete,15211,11362.49,Google,Екатеринбург
ORD-00585,2026-05-09 11:50:49,CLIENT-0052,Мария Орлова,new,17743,14621.06,Google,Москва
ORD-00586,2026-01-10 19:57:31,CLIENT-0203,Дмитрий Соколов,complete,52068,32110.48,Google,Новосибирск
ORD-00587,2026-04-18 01:18:59,CLIENT-0312,Елена Волкова,cancel,55153,38553.25,Google,Новосибирск
ORD-00588,2026-03-26 13:19:31,CLIENT-0338,Анна Смирнова,in_progress,21496,11949.56,Google,Москва
ORD-00589,2026-07-02 05:16:57,CLIENT-0317,Алексей Кузнецов,in_progress,24210,14979.88,,Екатеринбург
ORD-00590,2026-02-09 02:33:30,CLIENT-0070,Елена Волкова,new,54799,25906.06,Google,Новосибирск
ORD-00591,2026-01-18 02:58:00,CLIENT-0072,Анна Смирнова,cancel,19818,11204.74,Instagram,Екатеринбург
ORD-00592,2026-05-28 11:52:40,CLIENT-0109,Алексей Кузнецов,complete,29001,23781.5,Instagram,Казань
ORD-00593,2026-03-04 18:06:44,CLIENT-0123,Мария Орлова,complete,3064,2576.73,Website,Екатеринбург
ORD-00594,2026-06-26 22:02:28,CLIENT-0398,Анна Смирнова,complete,17253,13330.81,Referral,Новосибирск
ORD-00595,2026-04-29 12:28:50,CLIENT-0391,Мария Орлова,complete,64313,43544.99,Instagram,Москва
ORD-00596,2026-06-10 04:26:50,CLIENT-0347,Алексей Кузнецов,complete,50806,31436.16,Instagram,Новосибирск
ORD-00597,2026-02-16 16:09:32,CLIENT-0391,Иван Петров,complete,66960,52884.72,Google,Казань
ORD-00598,2026-06-14 10:38:49,CLIENT-0236,Иван Петров,complete,19083,10351.41,Referral,Санкт-Петербург
ORD-00599,2026-01-24 07:01:22,CLIENT-0023,Алексей Кузнецов,complete,50836,26676.4,Telegram,Екатеринбург
ORD-00600,2026-02-12 00:41:06,CLIENT-0241,Анна Смирнова,complete,35207,15998.92,Google,Санкт-Петербург
ORD-00601,2026-04-16 14:33:40,CLIENT-0397,Мария Орлова,in_progress,25092,15221.94,Instagram,Санкт-Петербург
ORD-00602,2026-03-09 02:41:23,CLIENT-0119,Елена Волкова,complete,49841,34462.39,Google,Екатеринбург
ORD-00603,2026-05-22 00:37:59,CLIENT-0077,Мария Орлова,complete,39994,32805.74,Telegram,Москва
ORD-00604,2026-05-28 10:20:04,CLIENT-0332,Алексей Кузнецов,in_progress,3823,1808.93,Google,Казань
ORD-00605,2026-05-07 22:07:33,CLIENT-0310,Анна Смирнова,complete,17387,13032.67,Google,Санкт-Петербург
ORD-00606,2026-06-26 01:19:10,CLIENT-0027,Елена Волкова,in_progress,60669,50405.61,Telegram,Казань
ORD-00607,2026-04-20 20:07:04,CLIENT-0316,Анна Смирнова,new,74227,61454.08,Instagram,Москва
ORD-00608,2026-03-09 23:17:08,CLIENT-0344,Анна Смирнова,in_progress,44495,36747.3,Telegram,Казань
ORD-00609,2026-01-21 01:54:05,CLIENT-0190,Иван Петров,in_progress,5390,4486.32,Instagram,Казань
ORD-00610,2026-05-24 15:38:38,CLIENT-0372,Дмитрий Соколов,new,37264,20460.79,Telegram,Екатеринбург
ORD-00611,2026-01-18 23:00:19,CLIENT-0180,Иван Петров,in_progress,14719,7798.48,Website,Казань
ORD-00612,2026-05-28 04:04:38,CLIENT-0178,Иван Петров,in_progress,63515,38203.19,Website,Санкт-Петербург
ORD-00613,2026-05-05 13:43:21,CLIENT-0042,Елена Волкова,in_progress,43925,28949.19,Google,Казань
ORD-00614,2026-04-30 20:55:50,CLIENT-0064,Дмитрий Соколов,in_progress,43591,33729.18,Referral,Новосибирск
ORD-00615,2026-05-10 00:17:40,CLIENT-0223,Анна Смирнова,cancel,28812,22593.51,Google,Екатеринбург
ORD-00616,2026-05-02 06:12:34,CLIENT-0294,Алексей Кузнецов,in_progress,70050,59509.89,Referral,Москва
ORD-00617,2026-06-06 04:05:31,CLIENT-0301,Анна Смирнова,complete,54732,44046.69,Telegram,Казань
ORD-00618,2026-04-10 17:58:49,CLIENT-0207,Иван Петров,in_progress,8916,7314.1,Telegram,Санкт-Петербург
ORD-00619,2026-05-12 03:35:25,CLIENT-0029,Анна Смирнова,complete,45540,30770.4,Website,Новосибирск
ORD-00620,2026-02-25 22:38:22,CLIENT-0080,Мария Орлова,complete,39451,21815.57,Telegram,Санкт-Петербург
ORD-00621,2026-04-07 05:48:03,CLIENT-0109,Анна Смирнова,in_progress,18930,14983.26,Telegram,Екатеринбург
ORD-00622,2026-02-17 13:57:02,CLIENT-0202,Елена Волкова,complete,6830,4127.81,Telegram,Новосибирск
ORD-00623,2026-01-30 11:51:29,CLIENT-0352,Анна Смирнова,complete,15221,11504.19,Instagram,Новосибирск
ORD-00624,2026-03-04 03:23:52,CLIENT-0005,Елена Волкова,complete,44632,24593.64,Instagram,Казань
ORD-00625,2026-06-27 03:18:21,CLIENT-0313,Алексей Кузнецов,complete,54539,27698.44,Telegram,Москва
ORD-00626,2026-03-03 02:28:32,CLIENT-0289,Мария Орлова,cancel,66937,32307.12,Google,Новосибирск
ORD-00627,2026-01-28 04:40:43,CLIENT-0210,Анна Смирнова,complete,35876,19610.88,Google,Новосибирск
ORD-00628,2026-01-25 15:29:44,CLIENT-0174,Иван Петров,in_progress,77432,39415.81,Google,Санкт-Петербург
ORD-00629,2026-03-18 15:16:13,CLIENT-0388,Мария Орлова,cancel,46576,37038.03,Website,Новосибирск
ORD-00630,2026-05-06 04:25:31,CLIENT-0240,Дмитрий Соколов,cancel,52904,25315.88,Google,Казань
ORD-00631,2026-06-10 00:19:32,CLIENT-0135,Алексей Кузнецов,complete,57788,34729.42,Google,Санкт-Петербург
ORD-00632,2026-04-27 16:40:05,CLIENT-0122,Дмитрий Соколов,complete,72156,42927.49,Referral,Новосибирск
ORD-00633,2026-04-10 01:08:24,CLIENT-0368,Дмитрий Соколов,complete,4516,2293.71,Website,Москва
ORD-00634,2026-05-07 07:15:30,CLIENT-0228,Дмитрий Соколов,complete,77042,40352.47,Telegram,Москва
ORD-00635,2026-01-05 10:32:23,CLIENT-0283,Алексей Кузнецов,complete,49311,29046.67,Referral,Казань
ORD-00636,2026-02-23 07:42:33,CLIENT-0138,Анна Смирнова,complete,9982,4905.34,Website,Новосибирск
ORD-00637,2026-02-10 19:52:14,CLIENT-0048,Дмитрий Соколов,complete,29218,16020.79,Telegram,Екатеринбург
ORD-00638,2026-04-21 06:32:26,CLIENT-0048,Дмитрий Соколов,cancel,66662,55638.97,Telegram,Санкт-Петербург
ORD-00639,2026-03-02 12:46:01,CLIENT-0292,Елена Волкова,complete,50066,39481.26,Website,Москва
ORD-00640,2026-06-25 14:12:35,CLIENT-0017,Иван Петров,in_progress,61012,29670.12,Telegram,Новосибирск
ORD-00641,2026-06-17 15:21:57,CLIENT-0224,Иван Петров,new,19443,14111.46,Instagram,Екатеринбург
ORD-00642,2026-04-29 21:22:17,CLIENT-0274,Елена Волкова,complete,14966,11847.75,Instagram,Казань
ORD-00643,2026-06-25 08:41:32,CLIENT-0012,Алексей Кузнецов,cancel,76458,39039.68,,Москва
ORD-00644,2026-05-31 05:02:36,CLIENT-0038,Алексей Кузнецов,complete,75756,58448.14,Website,Казань
ORD-00645,2026-04-11 09:39:17,CLIENT-0390,Иван Петров,cancel,66435,31598.04,Referral,Москва
ORD-00646,2026-04-17 09:10:26,CLIENT-0201,Елена Волкова,complete,52540,23918.82,Google,Москва
ORD-00647,2026-05-02 14:54:24,CLIENT-0160,Иван Петров,complete,72062,45307.34,Instagram,Санкт-Петербург
ORD-00648,2026-02-26 23:31:11,CLIENT-0106,Иван Петров,complete,22658,15159.64,Telegram,Новосибирск
ORD-00649,2026-01-23 19:44:05,CLIENT-0227,Елена Волкова,complete,22340,12878.31,Telegram,Новосибирск
ORD-00650,2026-02-02 03:42:10,CLIENT-0346,Иван Петров,complete,55013,45588.61,Website,Москва
ORD-00651,2026-05-08 21:11:23,CLIENT-0286,Иван Петров,in_progress,48541,40646.09,Website,Москва
ORD-00652,2026-06-26 08:41:09,CLIENT-0103,Елена Волкова,complete,46452,25363.78,Instagram,Москва
ORD-00653,2026-02-23 11:18:27,CLIENT-0364,Мария Орлова,new,35842,24536.49,Website,Новосибирск
ORD-00654,2026-03-30 09:41:27,CLIENT-0068,Иван Петров,new,79181,51440.05,Google,Санкт-Петербург
ORD-00655,2026-06-29 07:32:26,CLIENT-0097,Анна Смирнова,complete,31619,19375.01,Referral,Новосибирск
ORD-00656,2026-01-14 19:49:28,CLIENT-0088,Иван Петров,in_progress,77772,46803.0,Instagram,Санкт-Петербург
ORD-00657,2026-06-08 15:05:43,CLIENT-0185,Елена Волкова,in_progress,74730,45377.23,Google,Санкт-Петербург
ORD-00658,2026-05-22 22:31:17,CLIENT-0331,Алексей Кузнецов,cancel,22284,14482.74,Google,Санкт-Петербург
ORD-00659,2026-04-21 07:27:38,CLIENT-0023,Анна Смирнова,in_progress,34765,23605.15,Website,Санкт-Петербург
ORD-00660,2026-04-26 08:28:04,CLIENT-0378,Дмитрий Соколов,complete,59393,46404.95,Website,Санкт-Петербург
ORD-00661,2026-04-01 23:20:22,CLIENT-0347,Мария Орлова,complete,29466,18664.02,Instagram,Москва
ORD-00662,2026-05-05 09:04:45,CLIENT-0038,Алексей Кузнецов,complete,58494,29206.15,Website,Екатеринбург
ORD-00663,2026-03-27 19:18:20,CLIENT-0107,Анна Смирнова,complete,29559,13998.0,Instagram,Новосибирск
ORD-00664,2026-02-18 22:36:17,CLIENT-0386,Иван Петров,complete,70121,48476.23,Telegram,Новосибирск
ORD-00665,2026-01-22 06:28:57,CLIENT-0091,Алексей Кузнецов,complete,51172,29429.99,Referral,Екатеринбург
ORD-00666,2026-05-01 10:15:21,CLIENT-0350,Анна Смирнова,new,32750,15857.11,Telegram,Новосибирск
ORD-00667,2026-01-20 07:51:58,CLIENT-0238,Иван Петров,complete,54636,32119.92,Telegram,Казань
ORD-00668,2026-05-05 11:41:15,CLIENT-0338,Елена Волкова,new,47139,33637.02,Referral,Казань
ORD-00669,2026-01-27 19:59:42,CLIENT-0192,Мария Орлова,cancel,58791,42302.47,Website,Санкт-Петербург
ORD-00670,2026-03-09 02:49:39,CLIENT-0399,Дмитрий Соколов,cancel,46210,21499.98,Google,Москва
ORD-00671,2026-01-15 18:24:03,CLIENT-0367,Алексей Кузнецов,new,49083,39379.64,Instagram,Новосибирск
ORD-00672,2026-04-30 16:43:37,CLIENT-0106,Анна Смирнова,complete,21752,12559.48,Referral,Новосибирск
ORD-00673,2026-01-26 22:36:25,CLIENT-0058,Алексей Кузнецов,complete,64370,53865.1,Google,Москва
ORD-00674,2026-03-26 22:20:27,CLIENT-0248,Анна Смирнова,cancel,35127,22366.08,Instagram,Москва
ORD-00675,2026-04-04 15:08:20,CLIENT-0256,Дмитрий Соколов,cancel,63234,31908.47,Telegram,Санкт-Петербург
ORD-00676,2026-01-30 14:57:08,CLIENT-0092,Елена Волкова,in_progress,65744,36956.79,Instagram,Екатеринбург
ORD-00677,2026-03-19 15:26:03,CLIENT-0215,Анна Смирнова,in_progress,4330,3400.18,Website,Москва
ORD-00678,2026-03-29 06:38:52,CLIENT-0088,Елена Волкова,complete,22454,12665.58,Referral,Санкт-Петербург
ORD-00679,2026-01-14 05:57:19,CLIENT-0261,Иван Петров,complete,61792,43197.35,Google,Санкт-Петербург
ORD-00680,2026-01-29 03:29:13,CLIENT-0394,Алексей Кузнецов,in_progress,49719,35485.42,Google,Москва
ORD-00681,2026-05-23 23:13:09,CLIENT-0355,Мария Орлова,in_progress,43512,22726.96,Instagram,Казань
ORD-00682,2026-04-05 18:37:31,CLIENT-0279,Алексей Кузнецов,complete,73753,39610.88,Google,Москва
ORD-00683,2026-05-03 07:49:23,CLIENT-0172,Алексей Кузнецов,cancel,73128,59246.33,Website,Москва
ORD-00684,2026-02-27 23:25:16,CLIENT-0096,Дмитрий Соколов,cancel,6486,4021.5,Telegram,Новосибирск
ORD-00685,2026-05-15 19:38:57,CLIENT-0248,Мария Орлова,complete,6370,3486.7,Referral,Новосибирск
ORD-00686,2026-04-15 14:19:06,CLIENT-0162,Иван Петров,cancel,10601,8866.57,Google,Казань
ORD-00687,2026-03-05 08:23:05,CLIENT-0008,Алексей Кузнецов,complete,8577,6692.35,Referral,Новосибирск
ORD-00688,2026-03-06 01:33:15,CLIENT-0146,Иван Петров,in_progress,26048,12802.46,Telegram,Москва
ORD-00689,2026-05-12 01:32:51,CLIENT-0387,Мария Орлова,cancel,40415,32834.37,Telegram,Москва
ORD-00690,2026-01-23 00:12:24,CLIENT-0301,Мария Орлова,new,44018,33670.44,Instagram,Москва
ORD-00691,2026-04-18 10:01:29,CLIENT-0272,Иван Петров,in_progress,68890,50938.49,Google,Казань
ORD-00692,2026-03-09 13:08:52,CLIENT-0072,Дмитрий Соколов,new,49301,27161.31,Website,Екатеринбург
ORD-00693,2026-04-16 03:32:38,CLIENT-0399,Мария Орлова,complete,55327,44958.12,Google,Санкт-Петербург
ORD-00694,2026-01-31 08:49:50,CLIENT-0280,Мария Орлова,complete,24358,17020.02,Telegram,Москва
ORD-00695,2026-01-28 00:28:15,CLIENT-0223,Анна Смирнова,cancel,24309,16668.05,Instagram,Москва
ORD-00696,2026-06-25 20:51:45,CLIENT-0276,Иван Петров,complete,65819,44652.56,Google,Екатеринбург
ORD-00697,2026-04-17 02:06:37,CLIENT-0238,Мария Орлова,complete,77986,62462.89,Telegram,Екатеринбург
ORD-00698,2026-04-08 22:23:27,CLIENT-0114,Дмитрий Соколов,complete,7444,3886.08,Instagram,Казань
ORD-00699,2026-01-16 07:58:15,CLIENT-0133,Елена Волкова,complete,34870,16613.0,Referral,Москва
ORD-00700,2026-04-18 23:46:33,CLIENT-0345,Елена Волкова,cancel,24446,19282.89,Instagram,Санкт-Петербург
ORD-00701,2026-06-20 20:22:11,CLIENT-0285,Елена Волкова,complete,47481,26797.66,Website,Санкт-Петербург
ORD-00702,2026-05-27 01:24:43,CLIENT-0364,Алексей Кузнецов,complete,44149,31049.74,Google,Санкт-Петербург
ORD-00703,2026-07-03 09:49:22,CLIENT-0186,Анна Смирнова,new,13023,7875.41,Referral,Санкт-Петербург
ORD-00704,2026-07-02 01:40:44,CLIENT-0058,Елена Волкова,new,11130,9037.55,Telegram,Екатеринбург
ORD-00705,2026-05-30 03:19:14,CLIENT-0251,Алексей Кузнецов,complete,15319,11456.65,Website,Санкт-Петербург
ORD-00706,2026-03-21 20:44:05,CLIENT-0264,Алексей Кузнецов,new,52282,23925.45,Telegram,Новосибирск
ORD-00707,2026-03-22 03:44:32,CLIENT-0220,Анна Смирнова,new,11088,6797.67,Instagram,Санкт-Петербург
ORD-00708,2026-04-10 10:14:38,CLIENT-0396,Мария Орлова,new,57175,32899.45,Google,Казань
ORD-00709,2026-04-02 14:16:08,CLIENT-0331,Анна Смирнова,complete,53303,26795.94,Referral,Москва
ORD-00710,2026-04-15 07:33:17,CLIENT-0123,Анна Смирнова,in_progress,13377,6702.66,Telegram,Санкт-Петербург
ORD-00711,2026-03-12 09:56:09,CLIENT-0304,Иван Петров,complete,20259,11638.11,Google,Екатеринбург
ORD-00712,2026-05-18 18:21:31,CLIENT-0150,Анна Смирнова,new,21465,13215.96,Instagram,Москва
ORD-00713,2026-06-14 19:14:23,CLIENT-0364,Мария Орлова,cancel,70320,46835.22,Telegram,Новосибирск
ORD-00714,2026-02-10 01:07:43,CLIENT-0042,Иван Петров,complete,78968,55099.24,Instagram,Казань
ORD-00715,2026-05-06 15:33:53,CLIENT-0336,Алексей Кузнецов,in_progress,29946,25273.96,Website,Санкт-Петербург
ORD-00716,2026-02-09 08:46:14,CLIENT-0354,Дмитрий Соколов,complete,30087,19410.11,Instagram,Санкт-Петербург
ORD-00717,2026-01-08 18:18:32,CLIENT-0344,Елена Волкова,complete,53221,33421.29,Google,Новосибирск
ORD-00718,2026-01-20 23:25:09,CLIENT-0146,Елена Волкова,complete,35667,24753.35,Google,Новосибирск
ORD-00719,2026-06-16 05:36:34,CLIENT-0267,Дмитрий Соколов,new,37214,27119.86,,Санкт-Петербург
ORD-00720,2026-02-13 17:56:44,CLIENT-0257,Анна Смирнова,new,13380,6809.52,Referral,Санкт-Петербург
ORD-00721,2026-01-14 16:17:38,CLIENT-0387,Алексей Кузнецов,complete,3088,1465.32,Instagram,Москва
ORD-00722,2026-01-08 22:04:44,CLIENT-0233,Дмитрий Соколов,complete,72969,35097.19,Instagram,Москва
ORD-00723,2026-04-24 04:13:39,CLIENT-0091,Иван Петров,complete,48502,23074.79,Website,Екатеринбург
ORD-00724,2026-03-24 10:08:05,CLIENT-0250,Елена Волкова,complete,32351,26773.38,Google,Новосибирск
ORD-00725,2026-02-01 13:26:08,CLIENT-0257,Иван Петров,complete,73819,53301.85,Referral,Казань
ORD-00726,2026-06-10 18:34:56,CLIENT-0295,Мария Орлова,new,45239,30082.83,Website,Новосибирск
ORD-00727,2026-04-20 22:45:05,CLIENT-0077,Мария Орлова,complete,72819,46215.17,Telegram,Москва
ORD-00728,2026-01-14 06:46:03,CLIENT-0251,Дмитрий Соколов,new,54937,40469.88,Instagram,Казань
ORD-00729,2026-01-14 07:37:56,CLIENT-0114,Елена Волкова,cancel,78740,44548.49,Google,Екатеринбург
ORD-00730,2026-06-15 02:32:29,CLIENT-0130,Мария Орлова,complete,36265,16930.82,Website,Москва
ORD-00731,2026-04-28 03:17:52,CLIENT-0166,Иван Петров,new,34684,29085.43,Instagram,Екатеринбург
ORD-00732,2026-02-04 00:07:46,CLIENT-0290,Мария Орлова,cancel,59948,31741.64,Instagram,Екатеринбург
ORD-00733,2026-01-26 12:31:29,CLIENT-0010,Иван Петров,new,52501,44547.32,,Новосибирск
ORD-00734,2026-07-03 04:35:21,CLIENT-0096,Анна Смирнова,complete,61383,35641.27,Website,Новосибирск
ORD-00735,2026-01-25 09:23:04,CLIENT-0363,Мария Орлова,complete,54018,31481.13,Telegram,Санкт-Петербург
ORD-00736,2026-04-18 14:00:17,CLIENT-0317,Елена Волкова,complete,74714,35722.87,Instagram,Екатеринбург
ORD-00737,2026-05-02 13:42:15,CLIENT-0086,Дмитрий Соколов,complete,61973,40422.38,Google,Казань
ORD-00738,2026-02-20 03:26:45,CLIENT-0231,Иван Петров,complete,71277,34806.73,Google,Новосибирск
ORD-00739,2026-04-29 20:12:23,CLIENT-0171,Дмитрий Соколов,complete,42638,33180.88,Website,Новосибирск
ORD-00740,2026-05-02 01:29:00,CLIENT-0244,Алексей Кузнецов,in_progress,77172,48579.71,Referral,Екатеринбург
ORD-00741,2026-02-05 20:56:50,CLIENT-0061,Алексей Кузнецов,new,19024,15467.74,Referral,Москва
ORD-00742,2026-06-09 21:22:06,CLIENT-0241,Дмитрий Соколов,in_progress,54384,45711.2,Referral,Санкт-Петербург
ORD-00743,2026-03-23 15:38:25,CLIENT-0008,Анна Смирнова,in_progress,54361,32842.4,Website,Екатеринбург
ORD-00744,2026-05-31 14:31:04,CLIENT-0396,Дмитрий Соколов,complete,30462,15015.03,Website,Новосибирск
ORD-00745,2026-05-14 02:28:01,CLIENT-0144,Иван Петров,complete,59973,27604.53,Google,Новосибирск
ORD-00746,2026-03-18 12:25:25,CLIENT-0259,Мария Орлова,complete,26082,19495.74,Telegram,Москва
ORD-00747,2026-02-13 15:38:48,CLIENT-0082,Дмитрий Соколов,complete,22157,14109.45,Telegram,Казань
ORD-00748,2026-02-04 06:31:43,CLIENT-0017,Анна Смирнова,new,71610,41603.67,Instagram,Екатеринбург
ORD-00749,2026-03-26 18:14:25,CLIENT-0216,Иван Петров,complete,61873,47193.87,Google,Казань
ORD-00750,2026-05-13 04:43:22,CLIENT-0021,Анна Смирнова,in_progress,21125,17479.59,Google,Казань
ORD-00751,2026-04-13 23:14:10,CLIENT-0296,Анна Смирнова,complete,65131,29867.91,Instagram,Екатеринбург
ORD-00752,2026-05-27 21:09:27,CLIENT-0198,Елена Волкова,complete,16705,10304.83,Google,Москва
ORD-00753,2026-01-31 20:22:42,CLIENT-0199,Дмитрий Соколов,cancel,44453,27295.54,Referral,Санкт-Петербург
ORD-00754,2026-05-31 01:16:11,CLIENT-0370,Анна Смирнова,complete,17336,11738.21,Referral,Казань
ORD-00755,2026-03-04 23:04:07,CLIENT-0302,Дмитрий Соколов,complete,72059,37052.56,Referral,Санкт-Петербург
ORD-00756,2026-04-27 14:37:04,CLIENT-0336,Елена Волкова,complete,69745,40463.51,Website,Санкт-Петербург
ORD-00757,2026-04-27 11:18:22,CLIENT-0183,Елена Волкова,complete,20182,9540.44,Google,Санкт-Петербург
ORD-00758,2026-04-17 15:40:33,CLIENT-0383,Елена Волкова,complete,67587,56996.85,Google,Новосибирск
ORD-00759,2026-01-13 23:02:22,CLIENT-0082,Елена Волкова,complete,43967,25181.85,Telegram,Казань
ORD-00760,2026-06-10 01:33:23,CLIENT-0181,Иван Петров,complete,50618,24690.05,Google,Казань
ORD-00761,2026-01-10 21:43:56,CLIENT-0292,Елена Волкова,complete,43715,20423.32,Telegram,Москва
ORD-00762,2026-03-27 13:41:24,CLIENT-0237,Мария Орлова,cancel,3299,2241.76,Google,Москва
ORD-00763,2026-02-22 12:09:46,CLIENT-0049,Мария Орлова,complete,60385,47678.82,Instagram,Новосибирск
ORD-00764,2026-05-18 03:33:00,CLIENT-0040,Алексей Кузнецов,complete,18851,13371.74,Website,Санкт-Петербург
ORD-00765,2026-05-18 09:00:51,CLIENT-0309,Елена Волкова,complete,17026,7997.08,Google,Санкт-Петербург
ORD-00766,2026-06-29 18:01:48,CLIENT-0153,Мария Орлова,complete,28122,19564.88,Google,Казань
ORD-00767,2026-01-26 03:23:54,CLIENT-0217,Анна Смирнова,new,28450,16663.5,Telegram,Санкт-Петербург
ORD-00768,2026-06-27 22:56:41,CLIENT-0043,Елена Волкова,in_progress,33496,26882.96,Google,Санкт-Петербург
ORD-00769,2026-05-01 08:27:52,CLIENT-0268,Елена Волкова,complete,74532,44303.82,Google,Санкт-Петербург
ORD-00770,2026-03-10 16:00:47,CLIENT-0345,Елена Волкова,complete,25843,15878.64,Referral,Санкт-Петербург
ORD-00771,2026-05-03 15:08:13,CLIENT-0221,Анна Смирнова,complete,74887,53614.08,Referral,Казань
ORD-00772,2026-04-05 18:04:00,CLIENT-0304,Елена Волкова,complete,73454,39017.03,Google,Москва
ORD-00773,2026-04-10 06:02:57,CLIENT-0280,Иван Петров,complete,19502,11999.51,Telegram,Екатеринбург
ORD-00774,2026-05-01 16:08:30,CLIENT-0051,Дмитрий Соколов,in_progress,9648,5131.4,Referral,Новосибирск
ORD-00775,2026-02-26 21:34:06,CLIENT-0327,Дмитрий Соколов,complete,61656,30388.06,Google,Санкт-Петербург
ORD-00776,2026-01-22 07:48:01,CLIENT-0342,Иван Петров,complete,37430,16956.13,Website,Санкт-Петербург
ORD-00777,2026-02-24 05:04:09,CLIENT-0245,Алексей Кузнецов,in_progress,77173,41058.87,Instagram,Москва
ORD-00778,2026-03-27 22:36:31,CLIENT-0149,Дмитрий Соколов,complete,10233,7226.98,Telegram,Санкт-Петербург
ORD-00779,2026-03-07 20:50:56,CLIENT-0281,Мария Орлова,complete,7945,6012.92,Google,Казань
ORD-00780,2026-03-16 08:07:35,CLIENT-0142,Дмитрий Соколов,complete,23594,18747.66,Instagram,Екатеринбург
ORD-00781,2026-02-04 03:32:55,CLIENT-0218,Алексей Кузнецов,cancel,50130,31077.49,Instagram,Санкт-Петербург
ORD-00782,2026-06-08 10:44:55,CLIENT-0240,Иван Петров,complete,62138,43394.0,Google,Новосибирск
ORD-00783,2026-03-23 07:30:03,CLIENT-0345,Елена Волкова,in_progress,67511,45864.18,Telegram,Новосибирск
ORD-00784,2026-02-14 22:45:31,CLIENT-0198,Мария Орлова,complete,4627,2521.47,Telegram,Москва
ORD-00785,2026-05-23 02:50:28,CLIENT-0177,Анна Смирнова,cancel,9733,5205.3,Referral,Казань
ORD-00786,2026-02-09 12:59:10,CLIENT-0081,Елена Волкова,in_progress,4943,3051.38,Google,Санкт-Петербург
ORD-00787,2026-01-29 05:15:12,CLIENT-0253,Елена Волкова,complete,19127,11165.12,Google,Москва
ORD-00788,2026-01-30 10:14:17,CLIENT-0333,Иван Петров,in_progress,69315,36473.43,Referral,Казань
ORD-00789,2026-02-03 20:29:48,CLIENT-0386,Дмитрий Соколов,cancel,38316,19979.21,Website,Екатеринбург
ORD-00790,2026-04-17 03:14:57,CLIENT-0173,Мария Орлова,complete,55988,26617.43,Google,Екатеринбург
ORD-00791,2026-03-13 11:22:17,CLIENT-0048,Дмитрий Соколов,cancel,28102,16958.75,Website,Москва
ORD-00792,2026-02-11 10:22:36,CLIENT-0151,Мария Орлова,in_progress,43575,34608.33,Website,Санкт-Петербург
ORD-00793,2026-04-02 17:30:31,CLIENT-0330,Алексей Кузнецов,complete,31180,20758.65,Google,Санкт-Петербург
ORD-00794,2026-04-26 21:44:06,CLIENT-0289,Мария Орлова,complete,34030,17110.04,Website,Москва
ORD-00795,2026-03-11 08:03:28,CLIENT-0030,Анна Смирнова,complete,10674,8928.08,Website,Москва
ORD-00796,2026-04-04 13:48:04,CLIENT-0331,Елена Волкова,in_progress,26663,14041.5,Website,Екатеринбург
ORD-00797,2026-01-27 18:20:21,CLIENT-0253,Иван Петров,complete,4510,3255.03,Website,Екатеринбург
ORD-00798,2026-05-02 22:10:43,CLIENT-0167,Иван Петров,cancel,34514,24666.01,Telegram,Екатеринбург
ORD-00799,2026-01-26 03:06:53,CLIENT-0175,Алексей Кузнецов,in_progress,7032,5741.35,Telegram,Новосибирск
ORD-00800,2026-04-03 17:20:01,CLIENT-0269,Елена Волкова,in_progress,10995,7920.16,Telegram,Москва
ORD-00801,2026-06-26 03:12:09,CLIENT-0279,Алексей Кузнецов,in_progress,28758,17427.71,Website,Санкт-Петербург
ORD-00802,2026-05-06 22:27:34,CLIENT-0384,Дмитрий Соколов,new,24552,15086.42,Instagram,Москва
ORD-00803,2026-05-14 15:29:42,CLIENT-0362,Иван Петров,complete,54972,26357.96,Instagram,Санкт-Петербург
ORD-00804,2026-05-07 02:38:33,CLIENT-0163,Иван Петров,in_progress,16422,11690.64,Google,Санкт-Петербург
ORD-00805,2026-04-05 04:22:11,CLIENT-0157,Дмитрий Соколов,complete,59030,40539.02,Telegram,Екатеринбург
ORD-00806,2026-05-23 11:02:29,CLIENT-0337,Иван Петров,complete,70393,47628.37,Referral,Екатеринбург
ORD-00807,2026-07-03 01:19:10,CLIENT-0050,Анна Смирнова,in_progress,32113,26791.5,Google,Екатеринбург
ORD-00808,2026-04-20 22:22:59,CLIENT-0294,Дмитрий Соколов,complete,27365,21141.61,Telegram,Казань
ORD-00809,2026-04-13 13:00:06,CLIENT-0248,Елена Волкова,cancel,18507,12486.81,Google,Новосибирск
ORD-00810,2026-04-02 20:48:36,CLIENT-0137,Мария Орлова,complete,16853,10711.8,Google,Новосибирск
ORD-00811,2026-06-01 05:52:38,CLIENT-0059,Иван Петров,complete,19609,11084.39,Website,Москва
ORD-00812,2026-03-16 01:30:41,CLIENT-0287,Анна Смирнова,complete,14235,8813.71,Referral,Екатеринбург
ORD-00813,2026-02-26 23:00:25,CLIENT-0213,Алексей Кузнецов,complete,69559,56847.22,Referral,Новосибирск
ORD-00814,2026-05-03 09:34:46,CLIENT-0032,Дмитрий Соколов,complete,73460,38711.51,Referral,Москва
ORD-00815,2026-03-12 00:51:22,CLIENT-0280,Иван Петров,cancel,25997,13866.01,Telegram,Санкт-Петербург
ORD-00816,2026-02-18 13:53:59,CLIENT-0110,Мария Орлова,complete,25347,15535.77,Website,Казань
ORD-00817,2026-01-16 11:36:05,CLIENT-0169,Иван Петров,complete,33414,27562.65,Website,Санкт-Петербург
ORD-00818,2026-05-20 18:10:15,CLIENT-0347,Елена Волкова,in_progress,17686,9555.64,Google,Москва
ORD-00819,2026-02-21 15:57:22,CLIENT-0226,Алексей Кузнецов,in_progress,5483,4226.77,Website,Санкт-Петербург
ORD-00820,2026-04-01 02:35:17,CLIENT-0368,Елена Волкова,complete,76819,49789.72,,Казань
ORD-00821,2026-06-01 22:54:15,CLIENT-0270,Мария Орлова,complete,6091,3455.76,Website,Москва
ORD-00822,2026-06-10 03:42:04,CLIENT-0364,Елена Волкова,complete,69069,43518.9,Google,Казань
ORD-00823,2026-04-08 04:29:24,CLIENT-0251,Иван Петров,in_progress,39779,33427.14,Telegram,Санкт-Петербург
ORD-00824,2026-03-21 03:19:35,CLIENT-0114,Елена Волкова,complete,57121,36174.78,Instagram,Москва
ORD-00825,2026-02-24 02:49:14,CLIENT-0069,Анна Смирнова,complete,29329,23607.73,Google,Новосибирск
ORD-00826,2026-04-05 04:21:04,CLIENT-0124,Мария Орлова,complete,15295,8433.43,Telegram,Москва
ORD-00827,2026-01-12 07:53:42,CLIENT-0368,Дмитрий Соколов,complete,37793,26863.85,Website,Москва
ORD-00828,2026-04-26 01:41:16,CLIENT-0306,Мария Орлова,complete,23268,19762.51,Referral,Екатеринбург
ORD-00829,2026-03-27 17:00:25,CLIENT-0062,Анна Смирнова,in_progress,25962,13988.65,,Москва
ORD-00830,2026-05-14 18:16:16,CLIENT-0375,Дмитрий Соколов,cancel,8561,5270.17,Telegram,Москва
ORD-00831,2026-03-05 18:07:03,CLIENT-0318,Дмитрий Соколов,complete,31378,24851.44,Referral,Москва
ORD-00832,2026-06-24 10:21:12,CLIENT-0112,Алексей Кузнецов,complete,52351,35525.56,Website,Казань
ORD-00833,2026-05-20 19:33:24,CLIENT-0186,Иван Петров,in_progress,39601,27044.24,Google,Новосибирск
ORD-00834,2026-05-28 04:04:38,CLIENT-0270,Иван Петров,cancel,49086,41311.84,Instagram,Екатеринбург
ORD-00835,2026-06-19 13:53:46,CLIENT-0183,Мария Орлова,complete,47418,37026.15,Instagram,Екатеринбург
ORD-00836,2026-04-21 03:07:19,CLIENT-0275,Дмитрий Соколов,complete,45295,23405.86,Google,Екатеринбург
ORD-00837,2026-05-25 17:13:23,CLIENT-0135,Елена Волкова,in_progress,42649,26606.37,Instagram,Казань
ORD-00838,2026-04-15 01:04:15,CLIENT-0001,Иван Петров,complete,62629,42220.01,Instagram,Казань
ORD-00839,2026-01-26 22:56:26,CLIENT-0186,Дмитрий Соколов,in_progress,12550,6213.51,Telegram,Казань
ORD-00840,2026-05-26 07:04:56,CLIENT-0349,Мария Орлова,complete,16418,12170.74,Instagram,Екатеринбург
ORD-00841,2026-05-05 04:21:26,CLIENT-0233,Иван Петров,new,18411,9638.74,Website,Новосибирск
ORD-00842,2026-06-17 20:18:26,CLIENT-0323,Анна Смирнова,complete,12478,7131.94,Instagram,Екатеринбург
ORD-00843,2026-05-05 09:19:23,CLIENT-0068,Дмитрий Соколов,complete,75645,51607.08,Instagram,Санкт-Петербург
ORD-00844,2026-05-24 04:18:18,CLIENT-0378,Дмитрий Соколов,complete,10336,6189.23,Referral,Новосибирск
ORD-00845,2026-03-10 13:50:01,CLIENT-0196,Мария Орлова,new,61720,47431.03,Referral,Москва
ORD-00846,2026-06-23 22:04:52,CLIENT-0145,Елена Волкова,new,32128,22341.98,Instagram,Казань
ORD-00847,2026-05-17 15:53:06,CLIENT-0131,Иван Петров,complete,65717,33478.61,Referral,Екатеринбург
ORD-00848,2026-06-12 05:12:31,CLIENT-0303,Мария Орлова,new,33212,17966.11,Telegram,Екатеринбург
ORD-00849,2026-01-13 16:46:27,CLIENT-0293,Анна Смирнова,complete,11627,8637.89,Instagram,Москва
ORD-00850,2026-02-13 17:18:43,CLIENT-0088,Алексей Кузнецов,complete,41581,28005.48,Website,Екатеринбург
ORD-00851,2026-05-22 03:58:51,CLIENT-0188,Елена Волкова,complete,69071,54727.06,Website,Новосибирск
ORD-00852,2026-02-25 23:59:45,CLIENT-0039,Анна Смирнова,cancel,56514,27642.3,Google,Казань
ORD-00853,2026-05-12 15:48:52,CLIENT-0181,Елена Волкова,complete,10816,7433.03,Google,Новосибирск
ORD-00854,2026-03-29 15:18:29,CLIENT-0371,Мария Орлова,complete,59698,45060.89,Referral,Екатеринбург
ORD-00855,2026-03-30 14:31:13,CLIENT-0240,Анна Смирнова,new,26533,15633.25,Google,Новосибирск
ORD-00856,2026-03-05 10:17:50,CLIENT-0342,Дмитрий Соколов,new,23864,18999.41,Website,Москва
ORD-00857,2026-01-31 18:54:26,CLIENT-0132,Алексей Кузнецов,complete,14720,7747.15,Google,Казань
ORD-00858,2026-03-18 08:33:38,CLIENT-0112,Алексей Кузнецов,complete,12117,6479.86,Google,Новосибирск
ORD-00859,2026-03-13 05:07:36,CLIENT-0196,Мария Орлова,in_progress,28106,17374.6,Website,Москва
ORD-00860,2026-02-21 00:26:35,CLIENT-0101,Мария Орлова,complete,76091,55274.55,Telegram,Москва
ORD-00861,2026-05-16 08:13:50,CLIENT-0311,Алексей Кузнецов,complete,51379,42559.87,Referral,Москва
ORD-00862,2026-02-12 15:53:21,CLIENT-0040,Дмитрий Соколов,complete,30448,23125.92,Telegram,Санкт-Петербург
ORD-00863,2026-06-19 05:51:32,CLIENT-0076,Мария Орлова,new,43782,29584.01,Referral,Екатеринбург
ORD-00864,2026-06-12 06:01:55,CLIENT-0294,Иван Петров,new,65660,33853.99,Google,Санкт-Петербург
ORD-00865,2026-05-11 05:14:49,CLIENT-0211,Дмитрий Соколов,cancel,15019,10259.45,Instagram,Новосибирск
ORD-00866,2026-01-13 20:26:26,CLIENT-0183,Анна Смирнова,in_progress,60407,33990.65,,Санкт-Петербург
ORD-00867,2026-02-15 18:15:48,CLIENT-0180,Дмитрий Соколов,in_progress,15420,11438.79,,Санкт-Петербург
ORD-00868,2026-01-15 15:58:57,CLIENT-0298,Анна Смирнова,new,10849,6586.11,Website,Санкт-Петербург
ORD-00869,2026-02-22 14:40:35,CLIENT-0201,Дмитрий Соколов,complete,76279,40221.07,Website,Екатеринбург
ORD-00870,2026-03-19 10:50:50,CLIENT-0380,Елена Волкова,cancel,38970,21175.92,Instagram,Екатеринбург
ORD-00871,2026-07-01 06:31:35,CLIENT-0075,Алексей Кузнецов,in_progress,38075,29862.66,Google,Москва
ORD-00872,2026-04-25 13:00:13,CLIENT-0333,Анна Смирнова,complete,14496,6821.3,Google,Новосибирск
ORD-00873,2026-03-06 18:44:54,CLIENT-0027,Мария Орлова,complete,9959,6135.2,Referral,Новосибирск
ORD-00874,2026-06-22 11:31:45,CLIENT-0359,Анна Смирнова,complete,28015,14938.65,Google,Санкт-Петербург
ORD-00875,2026-06-29 03:30:01,CLIENT-0185,Анна Смирнова,complete,56107,38994.07,Telegram,Казань
ORD-00876,2026-04-11 21:49:27,CLIENT-0233,Анна Смирнова,complete,10700,6200.8,Website,Москва
ORD-00877,2026-06-30 16:12:47,CLIENT-0319,Елена Волкова,complete,16588,8714.55,Instagram,Москва
ORD-00878,2026-04-26 22:22:40,CLIENT-0283,Дмитрий Соколов,complete,63175,33899.6,Google,Казань
ORD-00879,2026-03-18 14:52:22,CLIENT-0311,Мария Орлова,in_progress,79756,48700.59,Referral,Санкт-Петербург
ORD-00880,2026-05-12 16:42:32,CLIENT-0211,Елена Волкова,in_progress,9974,6929.44,Website,Москва
ORD-00881,2026-02-18 11:03:17,CLIENT-0281,Анна Смирнова,complete,63415,30185.96,Google,Санкт-Петербург
ORD-00882,2026-07-02 21:49:25,CLIENT-0361,Иван Петров,new,33810,28322.34,Telegram,Новосибирск
ORD-00883,2026-03-30 05:01:50,CLIENT-0043,Анна Смирнова,in_progress,30878,24571.4,Website,Санкт-Петербург
ORD-00884,2026-01-08 06:13:21,CLIENT-0382,Мария Орлова,new,30304,15203.02,Google,Казань
ORD-00885,2026-05-01 12:03:09,CLIENT-0191,Анна Смирнова,in_progress,34328,21277.33,Instagram,Москва
ORD-00886,2026-02-15 15:36:23,CLIENT-0300,Алексей Кузнецов,in_progress,3858,2595.19,Referral,Санкт-Петербург
ORD-00887,2026-02-02 13:05:23,CLIENT-0258,Елена Волкова,complete,46918,37225.21,Instagram,Казань
ORD-00888,2026-05-21 20:07:51,CLIENT-0166,Елена Волкова,in_progress,41909,27030.86,Instagram,Новосибирск
ORD-00889,2026-06-05 15:26:14,CLIENT-0216,Мария Орлова,new,11342,6518.82,Website,Казань
ORD-00890,2026-02-06 13:55:14,CLIENT-0382,Алексей Кузнецов,complete,76072,64644.07,Telegram,Санкт-Петербург
ORD-00891,2026-02-12 07:58:15,CLIENT-0089,Дмитрий Соколов,complete,47076,33529.53,Google,Москва
ORD-00892,2026-03-13 12:45:20,CLIENT-0161,Иван Петров,complete,48733,27298.79,Telegram,Санкт-Петербург
ORD-00893,2026-02-19 21:46:03,CLIENT-0256,Иван Петров,complete,69202,54947.44,Telegram,Казань
ORD-00894,2026-06-08 13:35:25,CLIENT-0173,Иван Петров,complete,67923,37154.54,Google,Москва
ORD-00895,2026-03-16 05:06:41,CLIENT-0075,Дмитрий Соколов,in_progress,35226,27548.45,Website,Москва
ORD-00896,2026-01-23 10:19:32,CLIENT-0390,Алексей Кузнецов,complete,26095,20383.66,Website,Казань
ORD-00897,2026-05-11 11:19:19,CLIENT-0123,Анна Смирнова,in_progress,72057,37765.4,Referral,Екатеринбург
ORD-00898,2026-01-25 18:57:21,CLIENT-0347,Мария Орлова,complete,76918,44586.71,,Екатеринбург
ORD-00899,2026-02-06 18:32:25,CLIENT-0145,Анна Смирнова,in_progress,28582,14768.82,Google,Москва
ORD-00900,2026-03-14 15:17:16,CLIENT-0220,Анна Смирнова,complete,61844,49142.11,Google,Екатеринбург
ORD-00901,2026-04-03 10:50:40,CLIENT-0025,Мария Орлова,complete,37354,22359.9,,Санкт-Петербург
ORD-00902,2026-01-30 23:41:24,CLIENT-0214,Иван Петров,complete,64019,44986.75,Website,Москва
ORD-00903,2026-07-01 15:36:21,CLIENT-0231,Иван Петров,new,31197,18647.26,Google,Санкт-Петербург
ORD-00904,2026-04-18 09:52:47,CLIENT-0294,Мария Орлова,complete,26436,13937.12,Referral,Екатеринбург
ORD-00905,2026-05-09 12:15:08,CLIENT-0280,Алексей Кузнецов,complete,16115,9277.02,Referral,Новосибирск
ORD-00906,2026-06-27 21:26:16,CLIENT-0294,Мария Орлова,complete,4710,2975.28,Referral,Казань
ORD-00907,2026-03-20 11:58:21,CLIENT-0337,Мария Орлова,complete,17282,10976.31,Referral,Санкт-Петербург
ORD-00908,2026-01-19 14:37:44,CLIENT-0341,Анна Смирнова,complete,69062,43343.32,Website,Казань
ORD-00909,2026-04-23 06:07:13,CLIENT-0077,Алексей Кузнецов,new,65256,30970.42,Referral,Екатеринбург
ORD-00910,2026-03-20 15:50:10,CLIENT-0276,Елена Волкова,in_progress,53928,38761.48,Instagram,Казань
ORD-00911,2026-07-02 16:21:59,CLIENT-0187,Иван Петров,in_progress,53466,30012.15,Website,Санкт-Петербург
ORD-00912,2026-01-27 01:34:11,CLIENT-0026,Елена Волкова,in_progress,62320,40566.9,Referral,Екатеринбург
ORD-00913,2026-04-24 17:44:44,CLIENT-0025,Елена Волкова,new,15708,9558.33,Instagram,Новосибирск
ORD-00914,2026-05-26 13:07:49,CLIENT-0056,Иван Петров,complete,35833,18737.16,Instagram,Санкт-Петербург
ORD-00915,2026-04-08 00:13:19,CLIENT-0377,Дмитрий Соколов,complete,23590,17318.62,Telegram,Казань
ORD-00916,2026-03-02 10:54:51,CLIENT-0125,Алексей Кузнецов,complete,71496,33004.97,Google,Москва
ORD-00917,2026-06-02 06:25:56,CLIENT-0340,Дмитрий Соколов,complete,15948,8795.81,Google,Казань
ORD-00918,2026-06-06 00:48:46,CLIENT-0229,Иван Петров,new,71172,47568.91,Instagram,Екатеринбург
ORD-00919,2026-01-31 13:06:25,CLIENT-0239,Алексей Кузнецов,complete,64930,35877.07,Instagram,Москва
ORD-00920,2026-03-29 05:01:59,CLIENT-0253,Иван Петров,complete,4374,2089.22,Telegram,Москва
ORD-00921,2026-03-25 22:43:02,CLIENT-0391,Дмитрий Соколов,complete,8199,6469.85,Google,Москва
ORD-00922,2026-03-09 21:53:24,CLIENT-0040,Елена Волкова,in_progress,42668,31386.17,Instagram,Санкт-Петербург
ORD-00923,2026-03-16 05:36:05,CLIENT-0341,Елена Волкова,complete,59307,42010.85,Website,Екатеринбург
ORD-00924,2026-01-19 20:51:59,CLIENT-0080,Мария Орлова,new,56108,37497.61,,Санкт-Петербург
ORD-00925,2026-02-27 12:10:26,CLIENT-0053,Дмитрий Соколов,in_progress,74876,52821.15,Google,Новосибирск
ORD-00926,2026-06-29 05:51:19,CLIENT-0253,Алексей Кузнецов,new,74584,36474.63,Website,Казань
ORD-00927,2026-04-04 06:27:25,CLIENT-0110,Елена Волкова,in_progress,27330,18027.0,Referral,Екатеринбург
ORD-00928,2026-06-05 19:12:10,CLIENT-0351,Елена Волкова,in_progress,18869,10018.62,Website,Екатеринбург
ORD-00929,2026-01-09 18:11:18,CLIENT-0285,Елена Волкова,cancel,62441,46500.68,Referral,Екатеринбург
ORD-00930,2026-05-01 10:43:00,CLIENT-0354,Мария Орлова,complete,24739,11528.25,Website,Санкт-Петербург
ORD-00931,2026-05-27 03:46:15,CLIENT-0339,Иван Петров,complete,35364,28005.11,Instagram,Новосибирск
ORD-00932,2026-01-17 11:29:39,CLIENT-0247,Елена Волкова,in_progress,31083,21765.4,Telegram,Екатеринбург
ORD-00933,2026-02-23 20:30:44,CLIENT-0115,Анна Смирнова,cancel,68722,55756.57,Website,Москва
ORD-00934,2026-02-09 08:06:14,CLIENT-0357,Дмитрий Соколов,complete,52295,27049.03,Referral,Москва
ORD-00935,2026-06-24 20:45:34,CLIENT-0372,Алексей Кузнецов,complete,68285,51296.26,Google,Казань
ORD-00936,2026-04-22 07:08:34,CLIENT-0045,Дмитрий Соколов,complete,65749,32718.86,Telegram,Новосибирск
ORD-00937,2026-03-14 10:01:03,CLIENT-0368,Анна Смирнова,in_progress,23140,11051.8,Website,Москва
ORD-00938,2026-04-05 07:22:58,CLIENT-0381,Иван Петров,new,49916,29481.55,Website,Москва
ORD-00939,2026-05-14 06:08:10,CLIENT-0171,Дмитрий Соколов,in_progress,11591,5407.17,Website,Новосибирск
ORD-00940,2026-05-10 03:53:44,CLIENT-0240,Мария Орлова,complete,13055,9825.96,Telegram,Казань
ORD-00941,2026-01-09 22:10:56,CLIENT-0085,Иван Петров,new,69882,33854.12,Google,Санкт-Петербург
ORD-00942,2026-05-12 01:27:30,CLIENT-0193,Елена Волкова,cancel,27268,22824.04,,Екатеринбург
ORD-00943,2026-06-30 18:53:44,CLIENT-0105,Дмитрий Соколов,in_progress,31635,16257.54,Website,Казань
ORD-00944,2026-05-06 07:38:22,CLIENT-0234,Дмитрий Соколов,in_progress,44631,20956.31,Google,Москва
ORD-00945,2026-03-07 11:31:33,CLIENT-0122,Алексей Кузнецов,complete,30192,17376.4,Instagram,Москва
ORD-00946,2026-03-06 04:22:40,CLIENT-0227,Елена Волкова,complete,66084,38653.44,Telegram,Екатеринбург
ORD-00947,2026-01-11 23:51:51,CLIENT-0237,Дмитрий Соколов,complete,40699,19292.68,Google,Казань
ORD-00948,2026-01-19 11:14:53,CLIENT-0155,Иван Петров,complete,38044,19596.36,Website,Санкт-Петербург
ORD-00949,2026-02-08 19:24:18,CLIENT-0380,Елена Волкова,complete,41392,29138.51,Website,Казань
ORD-00950,2026-06-14 02:58:20,CLIENT-0020,Дмитрий Соколов,new,75416,63398.81,,Новосибирск
ORD-00951,2026-05-09 02:48:55,CLIENT-0132,Мария Орлова,in_progress,66831,46744.43,Website,Екатеринбург
ORD-00952,2026-05-23 02:45:39,CLIENT-0209,Иван Петров,complete,75988,41052.49,Instagram,Новосибирск
ORD-00953,2026-06-19 17:08:06,CLIENT-0358,Алексей Кузнецов,complete,49145,25989.57,Google,Санкт-Петербург
ORD-00954,2026-06-20 10:40:55,CLIENT-0098,Елена Волкова,in_progress,69242,38238.35,Referral,Москва
ORD-00955,2026-02-07 10:38:46,CLIENT-0368,Иван Петров,in_progress,22056,17415.73,Website,Екатеринбург
ORD-00956,2026-02-12 09:19:49,CLIENT-0089,Елена Волкова,complete,45955,23254.82,Website,Москва
ORD-00957,2026-07-02 20:03:52,CLIENT-0332,Анна Смирнова,cancel,46652,36206.01,Website,Москва
ORD-00958,2026-03-02 00:17:32,CLIENT-0266,Иван Петров,new,25386,14163.36,,Новосибирск
ORD-00959,2026-04-19 19:57:18,CLIENT-0051,Мария Орлова,complete,29253,15284.39,Website,Казань
ORD-00960,2026-05-12 20:36:35,CLIENT-0107,Анна Смирнова,complete,4612,2592.74,Referral,Екатеринбург
ORD-00961,2026-05-13 23:02:22,CLIENT-0054,Алексей Кузнецов,in_progress,66174,48949.14,Telegram,Казань
ORD-00962,2026-03-04 15:00:40,CLIENT-0127,Иван Петров,new,65716,47758.12,Instagram,Новосибирск
ORD-00963,2026-06-09 08:45:23,CLIENT-0050,Дмитрий Соколов,new,51488,25283.84,Telegram,Санкт-Петербург
ORD-00964,2026-05-03 21:33:37,CLIENT-0211,Иван Петров,complete,23451,15032.02,Telegram,Москва
ORD-00965,2026-04-09 18:24:45,CLIENT-0226,Дмитрий Соколов,complete,66966,31519.31,Telegram,Москва
ORD-00966,2026-05-21 06:57:34,CLIENT-0358,Елена Волкова,complete,11889,6039.03,Telegram,Екатеринбург
ORD-00967,2026-02-04 05:54:51,CLIENT-0250,Анна Смирнова,complete,45263,27013.22,Google,Новосибирск
ORD-00968,2026-05-09 13:24:45,CLIENT-0326,Иван Петров,complete,25511,20704.73,,Новосибирск
ORD-00969,2026-02-17 20:26:42,CLIENT-0285,Анна Смирнова,new,50066,33089.92,Website,Санкт-Петербург
ORD-00970,2026-03-19 14:25:35,CLIENT-0332,Дмитрий Соколов,complete,3348,2151.71,Telegram,Санкт-Петербург
ORD-00971,2026-02-04 03:56:20,CLIENT-0097,Елена Волкова,new,34019,20609.97,,Екатеринбург
ORD-00972,2026-06-08 05:56:52,CLIENT-0233,Иван Петров,complete,79003,57228.33,Google,Санкт-Петербург
ORD-00973,2026-05-13 23:18:30,CLIENT-0205,Алексей Кузнецов,complete,73674,38965.98,Website,Екатеринбург
ORD-00974,2026-03-19 09:07:37,CLIENT-0080,Елена Волкова,complete,13528,6172.14,Website,Санкт-Петербург
ORD-00975,2026-02-26 07:23:31,CLIENT-0178,Дмитрий Соколов,complete,69296,33120.63,Google,Новосибирск
ORD-00976,2026-04-15 02:16:50,CLIENT-0126,Иван Петров,cancel,71108,50001.87,Telegram,Москва
ORD-00977,2026-05-15 03:38:01,CLIENT-0363,Анна Смирнова,complete,56712,31789.9,Telegram,Новосибирск
ORD-00978,2026-04-05 03:51:42,CLIENT-0257,Мария Орлова,cancel,78834,59719.95,Telegram,Москва
ORD-00979,2026-04-09 15:13:59,CLIENT-0390,Мария Орлова,cancel,49944,26046.17,Instagram,Новосибирск
ORD-00980,2026-02-10 10:51:13,CLIENT-0016,Анна Смирнова,complete,51669,43079.56,Google,Екатеринбург
ORD-00981,2026-04-03 00:04:17,CLIENT-0099,Дмитрий Соколов,cancel,61480,44486.82,Google,Москва
ORD-00982,2026-03-16 09:05:08,CLIENT-0142,Анна Смирнова,complete,60538,34715.26,Google,Новосибирск
ORD-00983,2026-06-04 17:56:17,CLIENT-0294,Анна Смирнова,new,3622,2401.63,Referral,Москва
ORD-00984,2026-01-29 23:02:34,CLIENT-0057,Мария Орлова,complete,29846,15706.63,Google,Казань
ORD-00985,2026-01-05 13:44:41,CLIENT-0169,Дмитрий Соколов,new,61976,38395.66,Referral,Москва
ORD-00986,2026-02-23 06:07:25,CLIENT-0297,Елена Волкова,new,32179,16532.06,Instagram,Казань
ORD-00987,2026-02-02 17:19:04,CLIENT-0051,Мария Орлова,complete,40576,29300.01,Instagram,Санкт-Петербург
ORD-00988,2026-05-18 22:01:19,CLIENT-0355,Алексей Кузнецов,complete,24817,20649.39,Telegram,Новосибирск
ORD-00989,2026-05-05 11:05:14,CLIENT-0278,Анна Смирнова,complete,76673,64856.0,Telegram,Санкт-Петербург
ORD-00990,2026-04-21 14:27:35,CLIENT-0060,Иван Петров,complete,12876,9353.23,Website,Санкт-Петербург
ORD-00991,2026-03-22 02:46:54,CLIENT-0027,Алексей Кузнецов,cancel,10380,5188.96,Google,Казань
ORD-00992,2026-05-03 11:23:41,CLIENT-0129,Алексей Кузнецов,complete,79587,42984.41,Instagram,Новосибирск
ORD-00993,2026-02-04 20:40:22,CLIENT-0263,Анна Смирнова,complete,20320,14318.11,Referral,Москва
ORD-00994,2026-05-30 18:05:32,CLIENT-0130,Анна Смирнова,complete,79560,36101.35,Instagram,Москва
ORD-00995,2026-04-05 23:40:33,CLIENT-0167,Дмитрий Соколов,complete,27436,23269.11,Website,Санкт-Петербург
ORD-00996,2026-05-10 10:54:29,CLIENT-0378,Анна Смирнова,complete,77147,49933.21,Google,Москва
ORD-00997,2026-02-22 05:00:07,CLIENT-0136,Анна Смирнова,complete,55998,35439.66,Referral,Москва
ORD-00998,2026-06-22 14:01:09,CLIENT-0323,Елена Волкова,new,68290,32105.5,Telegram,Казань
ORD-00999,2026-04-06 08:28:54,CLIENT-0143,Дмитрий Соколов,in_progress,27900,14364.5,Referral,Казань
ORD-01000,2026-04-02 15:50:13,CLIENT-0235,Иван Петров,new,25724,15628.03,Google,Новосибирск
